Category,Product Name,Price,Product Link
Accessories,Blubby Multi Clutcher ( Pack of 1 ),Rs. 213,https://www.snapdeal.com/product/blubby-multi-clutcher-pack-of/654875721473#bcrumbSearch:accessories
Accessories,Ezybe Self Adhesive Kichen Shelf Light Blue Plastic Storage Racks (Pack of 2),Rs. 173,https://www.snapdeal.com/product/kitchen-shelf-storage-rack-self/651274312796#bcrumbSearch:accessories
Accessories,AUTOGROOMZ Windshield Only Double Clamp Car Mobile Holder - Black,Rs. 217,https://www.snapdeal.com/product/autogroomz-windshield-only-double-clamp/678247143730#bcrumbSearch:accessories
Accessories,QitmirMKT NEW KEYCHAIN LIGHTER WITH HIGH POWER LIGHT Multicolor Multipurpose Car Cigarette Lighter ( Pack of 1 ),Rs. 238,https://www.snapdeal.com/product/qitmirmkt-new-keychain-lighter-with/658039144835#bcrumbSearch:accessories
Accessories,"5 In 1 Multi Pin Universal Portable Adapter And Car Mobile Charging Cable For (iPhone,Type C and Micro USB)",Rs. 254,https://www.snapdeal.com/product/thriftkart-car-mobile-charger-5/643705858919#bcrumbSearch:accessories
Accessories,CRAYLUXE Accu Pressure Bead Back / Lumbar Support Single Black,Rs. 538,https://www.snapdeal.com/product/crayluxe-accu-pressure-bead-back/628897968660#bcrumbSearch:accessories
Accessories,"GEEO Universal Car Steering Knob, Car Steering Wheel Knob, Steering Wheel Spinner Knob, 360° Rotation Booster (3R Original)",Rs. 331,https://www.snapdeal.com/product/geeo-universal-car-steering-knob/662067935118#bcrumbSearch:accessories
Accessories,Car Ashtrays Multi Color,Rs. 176,https://www.snapdeal.com/product/hometales-car-ashtrays-multi-color/645146297942#bcrumbSearch:accessories
Accessories,AKSMIT Dashboard Fan Black,Rs. 508,https://www.snapdeal.com/product/aksmit-dashboard-fan-black/635658424530#bcrumbSearch:accessories
Accessories,mahek accessories for Headrest Black,Rs. 137,https://www.snapdeal.com/product/hometales-for-headrest-black/666886733852#bcrumbSearch:accessories
Accessories,GEEO Accu Pressure Bead Back / Lumbar Support Single Black,Rs. 223,https://www.snapdeal.com/product/geeo-accu-pressure-bead-back/643142550900#bcrumbSearch:accessories
Accessories,"delhideals Indian Flag for Car Dashboard, Office Table, Study Table & Drawing Table",Rs. 195,https://www.snapdeal.com/product/delhideals-others-in-car-decor/622548856924#bcrumbSearch:accessories
Accessories,"USB Disco Light / Night Light / Room / Car / Party Decoration Disco Laser Car Fancy Lights, Car Roof Full Star Projection Car Fancy Lights Portable Decorations Lamp",Rs. 184,https://www.snapdeal.com/product/usb-disco-light-night-light/631485261099#bcrumbSearch:accessories
Accessories,JAGIRA DIVINE TOUCH Multicolor Plastic Storage Racks ( Pack of 1 ),Rs. 116,https://www.snapdeal.com/product/jagira-divine-touch-multicolor-plastic/674183493536#bcrumbSearch:accessories
Accessories,RONISH Neck Cushions Set of 2 Black,Rs. 160,https://www.snapdeal.com/product/ronish-neck-cushions-set-of/624219601180#bcrumbSearch:accessories
Accessories,Aksmit 4 Pieces 12 LED DC 12V Multicolour Music Car Strip Atmosphere Lamp Light for Car Interior Under Dash Lighting Kit with Sound Active Function and Wireless Control,Rs. 338,https://www.snapdeal.com/product/4-pieces-12-led-dc/671322130094#bcrumbSearch:accessories
Accessories,Blubby Multi Rubber Band ( Pack of 30 ),Rs. 136,https://www.snapdeal.com/product/blubby-multi-rubber-band-pack/640044719985#bcrumbSearch:accessories
Accessories,Bhavyta Night Vision Visor Plastic Yellow,Rs. 441,https://www.snapdeal.com/product/bhavyta-night-vision-visor-plastic/618822817603#bcrumbSearch:accessories
Accessories,Digital Car Dashboard Alarm Clock and Stopwatch With Flexible Stand,Rs. 180,https://www.snapdeal.com/product/autosun-taksun-car-dashboard-office/1418089210#bcrumbSearch:accessories
Accessories,Aksmit Premium Metal Key Cover Compitable for Maruti Suzuki Ignis,Rs. 434,https://www.snapdeal.com/product/aksmit-premium-metal-key-cover/632026863646#bcrumbSearch:accessories
Accessories,KITSMART Black Steel Storage Racks ( Pack of 1 ),Rs. 423,https://www.snapdeal.com/product/kitsmart-black-steel-storage-racks/642817018755
Accessories,Rhosyn Gold Women's Hair Clip ( Pack of 1 ),Rs. 183,https://www.snapdeal.com/product/rhosyn-gold-womens-hair-clip/629139966627
Accessories,"TANTRA Car Armrest Cover Cushion with 2 Storage Bags - Soft, Comfortable, Non-Slip Protector for Vehicle Center Console - Waterproof, Durable, and Stylish",Rs. 365,https://www.snapdeal.com/product/tantra-car-armrest-cover-cushion/650708802161
Accessories,RONISH Steering Cover Leatherite,Rs. 395,https://www.snapdeal.com/product/ronish-steering-cover-leatherite/647088131493
Accessories,"TANTRA Car Armrest Cover Cushion with 2 Storage Bags - Soft, Comfortable, Non-Slip Protector for Vehicle Center Console - Waterproof, Durable, and Stylish",Rs. 365,https://www.snapdeal.com/product/tantra-car-armrest-cover-cushion/676246201896
Accessories,Vertical9 Car Mobile Charger 3_in_1 cable Multicolour,Rs. 240,https://www.snapdeal.com/product/vertical9-car-mobile-charger-3in1/651242231455
Accessories,Anshri White Plastic Kitchen Dispenser ( Pack of 2 ),Rs. 167,https://www.snapdeal.com/product/anshri-white-plastic-kitchen-dispenser/654906296466
Accessories,"Aksmit Waterproof and Non-slip Leather Floor Mats, Car Floor Mat Accessories, Black gold","Rs. 1,472",https://www.snapdeal.com/product/aksmit-waterproof-and-nonslip-leather/666551182498
Accessories,Sonal Brown Plastic Storage Racks ( Pack of 1 ),Rs. 500,https://www.snapdeal.com/product/sonal-brown-plastic-storage-racks/627191043139
Accessories,"Premium Car Seat Belt Cover - Comfort & Safety Enhancer - Adjustable, Soft, & Stylish - Universal Fit for All Vehicles",Rs. 278,https://www.snapdeal.com/product/tantra-seat-belt-cover-black/634968097571
Accessories,AKSMIT Dashboard Fan Black,Rs. 586,https://www.snapdeal.com/product/aksmit-dashboard-fan-black/644301873631
Accessories,4 Color 17 CM DRL Strip,Rs. 187,https://www.snapdeal.com/product/4-color-17-cm-drl/658748665229
Accessories,Anshri White Plastic Storage Racks ( Pack of 4 ),Rs. 250,https://www.snapdeal.com/product/anshri-white-plastic-storage-racks/636623008371
Accessories,KP Mart Electronic Kitchen Digital Weighing Scale Multipurpose 10 Kg (SF 400A),Rs. 626,https://www.snapdeal.com/product/kp-mart-electronic-kitchen-digital/627725221301
Accessories,"Portronics Clamp M3 Adjustable Car Mobile Phone Holder Stand for Dashboard & Windshield, 360degree Rotational, Strong Suction Cup, Compatible with 4 to 6 inch Devices(Black)",Rs. 268,https://www.snapdeal.com/product/portronics-dashboard-windshield-single-clamp/666956279139
Accessories,RONISH Steering Cover Leatherite,Rs. 446,https://www.snapdeal.com/product/ronish-steering-cover-leatherite/662984779051
Accessories,"Aksmit Pack of -1 Car Gear Knob Protector Gear Shifter Cover for Anti-Scratch Car Gear Knob Cover and Dust Proof Nonslip Gear Cover for Car Universal Fit Silicon Car Gear Knob Stylish- Black, Silicone Rubber",Rs. 187,https://www.snapdeal.com/product/aksmit-pack-of-1-car/683994282855
Accessories,Crust Laptop Charger / Inverter N80 Black,"Rs. 1,382",https://www.snapdeal.com/product/crust-laptop-charger-inverter-n80/686155959550
Accessories,ALCY Silver Steel Dish Racks ( Pack of 1 ),Rs. 782,https://www.snapdeal.com/product/alcy-silver-steel-dish-racks/624724028446
Accessories,"48Inch Ice Blue & Red DRL LED Brake with Side Turn Signal & Parking Indication Trunk,Boot,Dicky Light For Innova 2005-12",Rs. 388,https://www.snapdeal.com/product/48inch-ice-blue-red-drl/621728517831
Mobiles,"Lapster Fast Charging 3A 8 Pin USB Cable with Charge & Sync Function for iPhone, iPad",Rs. 233,https://www.snapdeal.com/product/lapster-fast-charging-3a-8/654094333565#bcrumbSearch:mobile
Mobiles,"THRIFTKART - 3 in 1 Fast Charging Cable,Portable 120W Charger Cord/Wire Compatible with iOS,Type-C,Micro Phones,Car/Travel 6A Retractable Zinc Alloy Charging Data Cable,Light Emitting Diode (Multicolor)",Rs. 178,https://www.snapdeal.com/product/thriftkart-3-in-1-fast/662169505637#bcrumbSearch:mobile
Mobiles,HUG PUPPY Bluetooth Selfie Stick ( Black ),Rs. 213,https://www.snapdeal.com/product/hug-puppy-bluetooth-selfie-stick/638926123616#bcrumbSearch:mobile
Mobiles,"Super-Fast 67W Type-C Charger with USB-C to USB-C Cable | Universal PD Adapter for Mobile Phones, Tablets, and Laptops | Travel-Friendly & Efficient Charging",Rs. 376,https://www.snapdeal.com/product/superfast-67w-typec-charger-with/634067725406#bcrumbSearch:mobile
Mobiles,VAKIBO Plain Cases Compatible For Rubber iPhone 16 Pro ( Pack of 1 ),Rs. 228,https://www.snapdeal.com/product/vakibo-plain-cases-compatible-for/683228045540#bcrumbSearch:mobile
Mobiles,"Hybite Premium Selfie Stick, Blue tooth Extendable Selfie Stick Tri pod with Led Light Wireless Remote and Portable Tri pod Stand Compatible for All iPhone and Android Smartphone",Rs. 265,https://www.snapdeal.com/product/hybite-premium-selfie-stick-blue/635726749975#bcrumbSearch:mobile
Mobiles,MS Wholesellar Bluetooth Selfie Stick ( Black ),Rs. 282,https://www.snapdeal.com/product/ms-wholesellar-bluetooth-selfie-stick/665033417657#bcrumbSearch:mobile
Mobiles,Portronics POR-122 MODESK Universal Mobile Holder Stand (Black) for all smartphones,Rs. 135,https://www.snapdeal.com/product/portronics-por122-modesk-universal-mobile/669950932247#bcrumbSearch:mobile
Mobiles,"U7 44W Flash Charger, 4A Wall Charger, Support FLASH 2.0, with 120W Flash Charge Detachable Type A to C White Cable (Compatible for VI-VO and IQOO Phones)",Rs. 428,https://www.snapdeal.com/product/u7-44w-flash-charger-4a/633675201279#bcrumbSearch:mobile
Mobiles,Apple iPhone XS Plain Cases BEING STYLISH - Transparent,Rs. 168,https://www.snapdeal.com/product/apple-iphone-xs-plain-cases/668011714426#bcrumbSearch:mobile
Mobiles,"Lapster Grey Desktop Foldable Mobile and Tablet Holder, Designed with ABS Material, Offers Multiple Viewing Angles and Features Anti-Slip Strips for Added Stability-Grey.",Rs. 135,https://www.snapdeal.com/product/lapster-grey-desktop-foldable-mobile/656157414598#bcrumbSearch:mobile
Mobiles,Sterling Bazaar Bluetooth Tripod ( Black ),Rs. 271,https://www.snapdeal.com/product/sterling-bazaar-bluetooth-tripod-black-/628400924799#bcrumbSearch:mobile
Mobiles,Apple iPhone 7 Plus Plain Cases Spectacular Ace - Black,Rs. 178,https://www.snapdeal.com/product/apple-iphone-7-plus-plain/686238861645#bcrumbSearch:mobile
Mobiles,BIG WINGS Shock Proof Case Compatible For Polycarbonate Apple iPhone 14 Pro ( Pack of 1 ),Rs. 308,https://www.snapdeal.com/product/big-wings-shock-proof-case/8070451151895815727#bcrumbSearch:mobile
Mobiles,HUG PUPPY Bluetooth Selfie Stick ( Black ),Rs. 233,https://www.snapdeal.com/product/hug-puppy-bluetooth-selfie-stick/635919338578#bcrumbSearch:mobile
Mobiles,PD 20W Power Delivery Original Fast Charger with USB-C to Lightning Cable for iPhone 14/14Plus/14Pro/14Pro max 13/13Pro/13Pro max 12/12Pro/12/11/X/Xr Series,Rs. 513,https://www.snapdeal.com/product/avista-lightening-3a-wall-charger/681223653096#bcrumbSearch:mobile
Mobiles,"U7 25 Watt PD Fast Charger Supports Fast Charge with Type C to C Type Cable, Fast Charging Mobile Charger for Sam-sung & I-Phone Devices - Black",Rs. 388,https://www.snapdeal.com/product/u7-25-watt-pd-fast/627834466209#bcrumbSearch:mobile
Mobiles,Spectacular Ace - Black Silicon Plain Cases Compatible For Apple iPhone 6S ( Pack of 1 ),Rs. 180,https://www.snapdeal.com/product/spectacular-ace-black-silicon-plain/659207609344#bcrumbSearch:mobile
Mobiles,ANDVYA Shock Proof Case Compatible For Silicon iPhone 15 ( Pack of 1 ),Rs. 238,https://www.snapdeal.com/product/andvya-shock-proof-case-compatible/679976753856#bcrumbSearch:mobile
Mobiles,BIG WINGS Plain Cases Compatible For Polycarbonate Apple iPhone 15 Plus ( Pack of 1 ),Rs. 238,https://www.snapdeal.com/product/big-wings-plain-cases-compatible/7493990435126772134#bcrumbSearch:mobile
Mobiles,"U7 44W Flash Charger, Support FLASH 2.0 with 4A 120W Flash Charge Detachable Type A to C White Cable (Compatible for VI-VO and IQOO Phones)",Rs. 438,https://www.snapdeal.com/product/u7-44w-flash-charger-support/661264478462
Mobiles,Elv Remote Holder Mobile Holder for Smartphones ( Black ),Rs. 181,https://www.snapdeal.com/product/elv-wall-mount-mobile-holder/676002709728
Mobiles,Shop To Shop Bluetooth Selfie Flash Light ( Black ),Rs. 282,https://www.snapdeal.com/product/shop-to-shop-bluetooth-selfie/680524288266
Mobiles,4-in-1 USB C Cable 65W [Fast Charging & Data Sync] Flat Braided Anti-Tangle iPhone Charger Cord with Multi Charging Cable Combo Type,Rs. 216,https://www.snapdeal.com/product/4in1-usb-c-cable-65w/627023658185
Mobiles,VAKIBO Plain Cases Compatible For Rubber Nothing Phone 2A ( Pack of 1 ),Rs. 228,https://www.snapdeal.com/product/vakibo-plain-cases-compatible-for/672513358578
Mobiles,Five-O Tempered Glass Compatible For iPhone 13 Pro ( Pack of 1 ),Rs. 203,https://www.snapdeal.com/product/fiveo-tempered-glass-compatible-for/631218795780
Mobiles,CRAYLUXE Bluetooth Tripod ( Black ),Rs. 528,https://www.snapdeal.com/product/crayluxe-bluetooth-tripod-black-/633719085746
Mobiles,Imported 6 A Charging + Data Transfer Type C - Lightning Cable 1 Meter for iPhone 8 to 14 all variants,Rs. 203,https://www.snapdeal.com/product/avista-white-5-a-lightning/623881339260
Mobiles,Hybite XT02 Extendable Selfie Stick with Wireless Remote and Stand Ultra Compact Selfie Stick for Mobile and All Smart Phones,Rs. 265,https://www.snapdeal.com/product/hybite-xt02-extendable-selfie-stick/649595746040
Mobiles,Apple iPhone 7 Printed Cover By My Design Multi Color,Rs. 153,https://www.snapdeal.com/product/apple-iphone-7-printed-cover/636028946697
Mobiles,UNICAL Shock Resistant Cable Protector for Smartphones and Tablets ( Multicolor ),Rs. 101,https://www.snapdeal.com/product/unical-shock-resistant-cable-protector/643117396448
Mobiles,ZmiZc Aux Wire Selfie Stick ( Black ),Rs. 260,https://www.snapdeal.com/product/zmizc-aux-wire-selfie-stick/641600852504
Mobiles,"3 In 1 Fast Charging Data Cable,120W Portable Charger Cord With Usb Type-C & Micro-Usb For All Phones,Charger Type C Retractable Usb Charging Cable",Rs. 211,https://www.snapdeal.com/product/3-in-1-fast-charging/625938002287
Mobiles,Rv fashion Not Applicable Accessories ( Silver ),Rs. 282,https://www.snapdeal.com/product/rv-fashion-not-applicable-accessories/681164063720
Mobiles,"THRIFTKART - 2 PC Mobile Phone Holder, Pen Stand, Wall Mounted Storage Box Remote Storage Organizer Case for AC, TV REMOTE, Phone Charger Plug Holder",Rs. 173,https://www.snapdeal.com/product/thriftkart-2-pc-mobile-phone/682216666787
Mobiles,thriftkart - Multi-Purpose Mobile Charging Stand For Wall Multi Plug For Upto 7 Inch Mobile Stand For Wall Plastic Holder Universal Socket Mobile Charger Stand Holder Wall (assorted color) Wall Mount,Rs. 189,https://www.snapdeal.com/product/thriftkart-multipurpose-mobile-charging-stand/620473422486
Mobiles,Elv Remote Holder Mobile Stand for Smartphones ( White ),Rs. 181,https://www.snapdeal.com/product/elv-remote-holder-mobile-stand/674188993382
Mobiles,THRIFTKART Card Holder Connectors for Smartphones and Tablets ( Black ),Rs. 186,https://www.snapdeal.com/product/thriftkart-card-holder-connectors-for/648832160858
Mobiles,Icynics Tempered Glass Compatible For Oppo A3 ( Pack of 1 ),Rs. 235,https://www.snapdeal.com/product/icynics-tempered-glass-compatible-for/678285519774
Mobiles,Shop To Shop Bluetooth Selfie Flash Light ( Black ),Rs. 267,https://www.snapdeal.com/product/shop-to-shop-bluetooth-selfie/673937556634
Mobiles,BIG WINGS Shock Proof Case Compatible For Silicon Nothing Phone 2 ( Pack of 1 ),Rs. 338,https://www.snapdeal.com/product/big-wings-shock-proof-case/5764608154695124509
Mobiles,"ELV Wall Mount Phone Holder | Smartphone Wall Mount Stand with Strong Adhesive | Anti-Slip Silicone, Cable Slot for Easy Charging",Rs. 251,https://www.snapdeal.com/product/elv-none-mobile-holder-for/674828219656
Mobiles,Shop To Shop Bluetooth Selfie Flash Light ( Black ),Rs. 247,https://www.snapdeal.com/product/shop-to-shop-bluetooth-selfie/683874687577
Mobiles,Spectacular Ace Plain Cases Compatible For Silicon Nothing Phone 2A ( Pack of 1 ),Rs. 177,https://www.snapdeal.com/product/spectacular-ace-plain-cases-compatible/634790807868
Mobiles,BIG WINGS Brown Printed Back Cover Artificial Leather Compatible For Apple iPhone 14 Pro Max ( Pack of 1 ),Rs. 288,https://www.snapdeal.com/product/big-wings-brown-printed-back/684653882912
Mobiles,HUG PUPPY Bluetooth Selfie Stick ( Black ),Rs. 213,https://www.snapdeal.com/product/hug-puppy-bluetooth-selfie-stick/686841692038
Mobiles,"Portronics Clamp M3 Adjustable Car Mobile Phone Holder Stand for Dashboard & Windshield, (Black)",Rs. 281,https://www.snapdeal.com/product/portronics-adjustable-mobile-holder-for/662524329396
Mobiles,Elv Foldable Mobile Stand for Smartphones and Tablets ( White ),Rs. 181,https://www.snapdeal.com/product/elv-foldable-mobile-stand-for/678405345843
Mobiles,"LAPSTER 24pcs Spiral Cable Protectors for Charger, Wires, Data Charger Cable Protector for Computers, Cell Phones etc.(Black)",Rs. 96,https://www.snapdeal.com/product/lapster-24pcs-spiral-cable-protectors/658184355959
Mobiles,BIG WINGS Shock Proof Case Compatible For Polycarbonate Apple iPhone 14 Pro ( Pack of 1 ),Rs. 308,https://www.snapdeal.com/product/big-wings-shock-proof-case/5764608142682121775
Mobiles,Elv Mobile Phone Mount Holder for Phones and Tablets - Black,Rs. 133,https://www.snapdeal.com/product/elv-mobile-phone-mount-holder/631863206923
Mobiles,"Mobile Phone Charging Stand, Multi-Functional Storage Holder, Bedside Fixed Rack, Bedroom, Office Accessories",Rs. 152,https://www.snapdeal.com/product/mobile-phone-charging-stand-multifunctional/671299383574
Mobiles,"Portronics Clamp M Car Mobile Holder with 360 degree Rotational, One Click Release Button (Black)",Rs. 302,https://www.snapdeal.com/product/portronics-adjustable-mobile-holder-for/661825741978
Mobiles,VAKIBO Plain Cases Compatible For Rubber Apple iPhone 12 ( Pack of 1 ),Rs. 228,https://www.snapdeal.com/product/vakibo-plain-cases-compatible-for/637141273660
Mobiles,ZmiZc Bluetooth Selfie Stick ( Black ),Rs. 260,https://www.snapdeal.com/product/zmizc-bluetooth-selfie-stick-black-/624438917999
Mobiles,Mobile Phone Stand 360° Rotation Height and Angle Adjustable Cell Phone Stand for Desk Office Foldable Desktop Phone Holder for Smartphone,Rs. 188,https://www.snapdeal.com/product/mobile-phone-stand-360-rotation/677528065636
Mobiles,Elv Remote Holder Mobile Holder for Smartphones ( White ),Rs. 231,https://www.snapdeal.com/product/elv-remote-holder-mobile-holder/684905626263
Mobiles,Icynics Tempered Glass Compatible For Vivo Y200e 5G ( Pack of 1 ),Rs. 235,https://www.snapdeal.com/product/icynics-tempered-glass-compatible-for/670012801995
Mobiles,BIG WINGS Hybrid Covers Compatible For Polycarbonate Apple iPhone 14 Pro ( Pack of 1 ),Rs. 288,https://www.snapdeal.com/product/big-wings-hybrid-covers-compatible/5188147393651624496
Mobiles,Shop To Shop Bluetooth Selfie Flash Light ( Black ),Rs. 263,https://www.snapdeal.com/product/shop-to-shop-bluetooth-selfie/669674227803
Mobiles,BIG WINGS Shock Proof Case Compatible For Polycarbonate CMF by Nothing Phone 1 5G ( Pack of 1 ),Rs. 349,https://www.snapdeal.com/product/big-wings-shock-proof-case/5764608205667776384
Mobiles,Elv Mobile Phone Mount Holder for Phones and Tablets - Black,Rs. 133,https://www.snapdeal.com/product/elv-mobile-phone-mount-holder/631863206923
Mobiles,THRIFTKART - Braided USB to Lightning Fast Charging and Data Sync Cable Compatible for iPhone,Rs. 178,https://www.snapdeal.com/product/thriftkart-braided-usb-to-lightning/668240158746
Mobiles,Icynics Tempered Glass Compatible For Vivo Y200e 5G ( Pack of 1 ),Rs. 235,https://www.snapdeal.com/product/icynics-tempered-glass-compatible-for/670012801995
Mobiles,ZmiZc Bluetooth Selfie Stick ( Black ),Rs. 446,https://www.snapdeal.com/product/zmizc-bluetooth-selfie-stick-black-/663063790308
Mobiles,VAKIBO Plain Cases Compatible For Rubber Apple iPhone X ( Pack of 1 ),Rs. 228,https://www.snapdeal.com/product/vakibo-plain-cases-compatible-for/667756320431
Mobiles,Shop To Shop Bluetooth Selfie Flash Light ( Black ),Rs. 263,https://www.snapdeal.com/product/shop-to-shop-bluetooth-selfie/669674227803
Mobiles,"Lapster Rechargeable LED Selfie Stick with Stand, 3-in-1 Multifunctional Design ? Featuring Brightness Levels for Makeup, Selfies, Vlogging, and Photo Shoots, Complete with Remote",Rs. 282,https://www.snapdeal.com/product/lapster-rechargeable-led-selfie-stick/650861014789
Mobiles,Kivart Flexifit Mobile Universal Stand | 360 degree Rotation | For Phones and Tablets - Black,Rs. 265,https://www.snapdeal.com/product/kivart-flexifit-mobile-universal-stand/621144234970
Mobiles,"85W Fast Charger for Laptop, Tablet & Phone | Super-Fast Type-C Power Adapter | Universal High-Speed Charging with Smart Protection | Compact & Portable Wall Charger for Travel & Office""",Rs. 371,https://www.snapdeal.com/product/85w-fast-charger-for-laptop/636537804654
Mobiles,"33W USB Type C Charger Adapter for Nothing CMF Phone 1/Phone 2/2a/2a Plus/3a/3a Plus Phone 1/Tablet/Samsung M05/M35/M15/F15/M14, 33watt Fast Charge Adapter for Other Type-C Devices",Rs. 487,https://www.snapdeal.com/product/avista-type-c-3a-wall/666390110952
Mobiles,Hybite Mobile Phone Stand 360° Rotation Height and Angle Adjustable Cell Phone Stand for Desk Office Foldable Desktop Phone Holder for Smartphone,Rs. 198,https://www.snapdeal.com/product/mobile-phone-stand-360-rotation/622500114744
Mobiles,HUG PUPPY Bluetooth Selfie Stick ( Black ),Rs. 233,https://www.snapdeal.com/product/hug-puppy-bluetooth-selfie-stick/639144452528
Mobiles,VAKIBO Plain Cases Compatible For Rubber Nothing CMF Phone 1 ( Pack of 1 ),Rs. 228,https://www.snapdeal.com/product/vakibo-plain-cases-compatible-for/655873429886
Mobiles,VAKIBO Plain Cases Compatible For Rubber Apple iPhone 6 Plus ( Pack of 1 ),Rs. 228,https://www.snapdeal.com/product/vakibo-plain-cases-compatible-for/661695511865
Mobiles,Shop To Shop Bluetooth Selfie Flash Light ( Black ),Rs. 263,https://www.snapdeal.com/product/shop-to-shop-bluetooth-selfie/643743136998
Mobiles,deodap Not Applicable Accessories ( Black ),Rs. 255,https://www.snapdeal.com/product/deodap-not-applicable-accessories-black-/669639504950
Mobiles,UNICAL Shock Resistant Cable Protector for Smartphones and Tablets ( Multicolor ),Rs. 95,https://www.snapdeal.com/product/unical-shock-resistant-cable-protector/663816030678
Mobiles,ZmiZc Bluetooth Selfie Stick ( Black ),Rs. 353,https://www.snapdeal.com/product/zmizc-bluetooth-selfie-stick-black-/631985497103
Mobiles,BIG WINGS Shock Proof Case Compatible For Polycarbonate CMF by Nothing Phone 1 5G ( Pack of 1 ),Rs. 338,https://www.snapdeal.com/product/big-wings-shock-proof-case/8070451214881470336
Mobiles,Flash Charger 44W Wall Charger 4A (Support FLASH 2.0 only) with 120W Flash Charge Detachable Type A to C White Cable (Compatible for VI-VO and IQOO Phones),Rs. 458,https://www.snapdeal.com/product/flash-charger-44w-wall-charger/670704125922
Mobiles,ELV Mobile Stand Holder With Convenient Charging for Tablet and Smartphones (Pack of 2),Rs. 181,https://www.snapdeal.com/product/elv-none-mobile-holder-for/653543583765
Mobiles,UNICAL Impact Resistant Mobile Stickers for Smartphones and Tablets ( Black ),Rs. 109,https://www.snapdeal.com/product/unical-impact-resistant-mobile-stickers/664759998368
Mobiles,VAKIBO Plain Cases Compatible For Rubber iPhone 14 Plus ( Pack of 1 ),Rs. 228,https://www.snapdeal.com/product/vakibo-plain-cases-compatible-for/643851525960
Mobiles,Shop To Shop Bluetooth Selfie Flash Light ( Black ),Rs. 263,https://www.snapdeal.com/product/shop-to-shop-bluetooth-selfie/672620483375
Mobiles,Elv Remote Holder Mobile Stand for Smartphones ( Black ),Rs. 181,https://www.snapdeal.com/product/elv-remote-holder-mobile-stand/641552374137
Mobiles,LAPSTER Spiral Charger Cable Protectors for Wires Data Cable Saver Charging Cord Protective Cable Cover Set of 3 (12 Pieces),Rs. 115,https://www.snapdeal.com/product/lapster-spiral-charger-cable-protectors/673836187471
Mobiles,"U7 USB Type-C to Type-C Charging Cable, Fast Charge & Data Sync, Fast Charging Data Cable for Sam-sung & I-phone and other Devices",Rs. 239,https://www.snapdeal.com/product/u7-usb-typec-to-typec/683270571182
Mobiles,BIG WINGS Plain Cases Compatible For Polycarbonate Apple iPhone 14 Pro Max ( Pack of 1 ),Rs. 288,https://www.snapdeal.com/product/big-wings-plain-cases-compatible/8646911910839261374
Mobiles,BIG WINGS Shock Proof Case Compatible For Polycarbonate Apple iPhone 14 ( Pack of 1 ),Rs. 308,https://www.snapdeal.com/product/big-wings-shock-proof-case/8070451156490447007
Mobiles,Elv Universal Mobile Phone Stand Holder Mount with Inbuilt Cable Organiser and Card Holder - Black (PACK OF 2),Rs. 231,https://www.snapdeal.com/product/elv-combo-deal-universal-mobile/684398564879
Mobiles,Lapster 28 pcs Mix Spiral Charger Spiral Charger Cable Protectors for Wires Data Cable Saver Charging Cord Protective Cable Cover,Rs. 135,https://www.snapdeal.com/product/lapster-28-pcs-mix-spiral/685748050383
Mobiles,Hybite - Bluetooth Selfie Stick ( Black ),Rs. 268,https://www.snapdeal.com/product/hybite-bluetooth-selfie-stick-black-/654024202685
Mobiles,Lapster Aux Wire Selfie Flash Light ( Multicolor ),Rs. 576,https://www.snapdeal.com/product/lapster-aux-wire-selfie-flash/624024312861
Mobiles,Shop To Shop Bluetooth Selfie Flash Light ( Black ),Rs. 247,https://www.snapdeal.com/product/shop-to-shop-bluetooth-selfie/668498736735
Mobiles,SUPER AJANTA None Mobile Stickers for Smartphones and Tablets ( Gold ),Rs. 109,https://www.snapdeal.com/product/super-ajanta-4068-chhatrapati-sivaji/650006401076
Mobiles,"Lightening to Type C Cable, Fast Charging Lightening Cable for I-phone and IOS Devices, 3A Lightening Cable 1 Meter - 2 Pack",Rs. 298,https://www.snapdeal.com/product/lightening-to-type-c-cable/645661596992
Mobiles,ANDVYA Shock Proof Case Compatible For Silicon iPhone 15 ( Pack of 1 ),Rs. 238,https://www.snapdeal.com/product/andvya-shock-proof-case-compatible/679197450163
Mobiles,Spectacular Ace Plain Cases Compatible For Silicon Apple iPhone 11 ( Pack of 1 ),Rs. 177,https://www.snapdeal.com/product/spectacular-ace-plain-cases-compatible/684250504398
Mobiles,"ELV Aluminium Adjustable Mobile Phone Foldable Holder Stand Dock Mount for All Smartphones, Tabs, Kindle, iPad - Silver",Rs. 378,https://www.snapdeal.com/product/elv-aluminium-adjustable-mobile-phone/671983300598
Mobiles,ZmiZc Bluetooth Selfie Stick ( Black ),Rs. 353,https://www.snapdeal.com/product/zmizc-bluetooth-selfie-stick-black-/622846413263
Mobiles,24 pack - Speaker Dust Protector Net Stickers for Android Anti-dust mobile protector,Rs. 143,https://www.snapdeal.com/product/24-pack-speaker-dust-protector/632161564868
Mobiles,BIG WINGS Shock Proof Case Compatible For Polycarbonate CMF by Nothing Phone 1 5G ( Pack of 1 ),Rs. 338,https://www.snapdeal.com/product/big-wings-shock-proof-case/6917529710274623360
Mobiles,FLORISELL Bluetooth Accessories ( Black ),Rs. 423,https://www.snapdeal.com/product/florisell-bluetooth-accessories-black-/639454771444
Mobiles,BIG WINGS Plain Cases Compatible For Polycarbonate Apple iPhone 15 Plus ( Pack of 1 ),Rs. 288,https://www.snapdeal.com/product/big-wings-plain-cases-compatible/6341068930519925158
Mobiles,PD 20W Power Delivery Original Fast Charge Adaptor for iPhone 14/14Plus/14Pro/14Pro max 13/13Pro/13Pro max & Android Smartphones,Rs. 429,https://www.snapdeal.com/product/avista-type-c-4a-wall/679564838969
Mobiles,ZmiZc Bluetooth Selfie Stick ( Black ),Rs. 353,https://www.snapdeal.com/product/zmizc-bluetooth-selfie-stick-black-/658864617315
Mobiles,4-in-1 USB C Cable 65W [Fast Charging & Data Sync] Flat Braided Anti-Tangle iPhone Charger Cord with Multi Charging Cable Combo Type C/USB A Ports(1 Pcs),Rs. 210,https://www.snapdeal.com/product/4in1-usb-c-cable-65w/622795657695
Mobiles,Elv Card Holder Mobile Holder for Smartphones ( Black ),Rs. 162,https://www.snapdeal.com/product/nbox-combo-deal-foldable-universal/635223450294
Mobiles,"High-Speed USB to Type-C Charging Cable with Fast Data Transfer, Durable Braided Design, 1.2M Length, Compatible with Android Phones, Tablets, Power Banks, and All Type-C Supported Devices.",Rs. 154,https://www.snapdeal.com/product/highspeed-usb-to-typec-charging/677499779631
Mobiles,"Hybite Premium Selfie Stick, Blue tooth Extendable Selfie Stick Tr ip od with Led Light Wireless Remote and Portable Tri pod Stand Compatible for All iPhone and Android Smartphone",Rs. 279,https://www.snapdeal.com/product/hybite-premium-selfie-stick-blue/659137478056
Mobiles,VAKIBO Plain Cases Compatible For Rubber iPhone 13 Pro Max ( Pack of 1 ),Rs. 228,https://www.snapdeal.com/product/vakibo-plain-cases-compatible-for/627614805170
Mobiles,"Super-Fast Charging Cable | 65W 480 Mbps 4-in-1 USB A/Type C to Lightning/Type C | 1.0m Tangle-Free Braided Cable | Multiport for iPhones, iPads, Android Devices, Tablets, and MacBooks",Rs. 207,https://www.snapdeal.com/product/superfast-charging-cable-65w-480/671968643418
Mobiles,"U7 USB Type-C to Type-C Charging Cable, Fast Charge & Data Sync, Fast Charging Cable for Sam-sung & I-phone Devices",Rs. 269,https://www.snapdeal.com/product/u7-usb-typec-to-typec/662047471648
Mobiles,"Portronics Modesk 101:Wall Hanging Mobile Holder ,White (POR 1152)",Rs. 115,https://www.snapdeal.com/product/portronics-por1152-modesk-101-wall/634368013545
Mobiles,"Elv Metal Adjustable Mobile Phone Foldable Holder Stand Dock Mount with Big Back Support to Hold (Upto 10inch) of iPhone, iPad, Smartphones, Tablets, Kindle (Black)",Rs. 280,https://www.snapdeal.com/product/elv-metal-adjustable-mobile-phone/628284781362
Mobiles,BIG WINGS Shock Proof Case Compatible For Polycarbonate Apple iPhone 14 Pro Max ( Pack of 1 ),Rs. 388,https://www.snapdeal.com/product/big-wings-shock-proof-case/5764608196302658599
Mobiles,ZmiZc Aux Wire Selfie Stick ( Green ),Rs. 260,https://www.snapdeal.com/product/zmizc-aux-wire-selfie-stick/619650110972
Mobiles,"High-Speed 65W PD 27W Max Fast Charging USB to Lightning Cable ? 1.2 Meter Braided Nylon iPhones Charging Cable with Metal Connectors, Fast Data Sync & Quick Charge Support for iOS Devices",Rs. 211,https://www.snapdeal.com/product/highspeed-65w-pd-27w-max/653292248361
Mobiles,"Digimate iPhone 20W PD Charger with Type-C to Type-C Cable Compatible for iPhone 14/15/16/17/Pro/Max (DG-ADP-1004, White)",Rs. 488,https://www.snapdeal.com/product/digimate-iphone-20w-pd-charger/668282129303
Mobiles,Icynics Tempered Glass Compatible For OPPO A3X 5G ( Pack of 1 ),Rs. 235,https://www.snapdeal.com/product/icynics-tempered-glass-compatible-for/635277076016
Mobiles,"U7 25Watt PD Fast Charger Supports Fast Charge with Type C to C Type Cable, Fast Charging Mobile Charger for Sam-sung & I-Phone Devices",Rs. 408,https://www.snapdeal.com/product/u7-25watt-super-fast-charger/672821238401
Mobiles,ZmiZc Bluetooth Selfie Stick ( Black ),Rs. 353,https://www.snapdeal.com/product/zmizc-bluetooth-selfie-stick-black-/653707549736
Mobiles,Icynics Tempered Glass Compatible For OnePlus Nord CE 3 Lite 5G ( Pack of 1 ),Rs. 235,https://www.snapdeal.com/product/icynics-tempered-glass-compatible-for/645843037375
Mobiles,"25 Watt PD Fast Charger Supports Fast Charge with Type C to C Type Cable, Fast Charging Mobile Charger for Sam-sung & I-Phone Devices - Black",Rs. 398,https://www.snapdeal.com/product/25-watt-pd-fast-charger/668828407741
Mobiles,ANDVYA Shock Proof Case Compatible For Silicon iPhone 13 ( Pack of 1 ),Rs. 238,https://www.snapdeal.com/product/andvya-shock-proof-case-compatible/633702577269
Mobiles,ZmiZc Bluetooth Selfie Stick ( Black ),Rs. 353,https://www.snapdeal.com/product/zmizc-bluetooth-selfie-stick-black-/672199975371
Mobiles,Shop To Shop Bluetooth Selfie Flash Light ( Black ),Rs. 277,https://www.snapdeal.com/product/shop-to-shop-bluetooth-selfie/687038762023
Mobiles,"25Watt PD Fast Charger Supports Fast Charge with Type C to C Type Cable, Fast Charging Mobile Charger for Sam-sung & I-Phone Devices",Rs. 418,https://www.snapdeal.com/product/25watt-pd-fast-charger-supports/646684121368
Mobiles,Shop To Shop Bluetooth Selfie Flash Light ( Black ),Rs. 263,https://www.snapdeal.com/product/shop-to-shop-bluetooth-selfie/671623154024
Mobiles,"U7 25 Watt PD Fast Charger Supports Fast Charge for Samsung & I-Phone Devices with Type C to Type C Cable, Fast Charging Mobile Charger",Rs. 418,https://www.snapdeal.com/product/u7-25watt-super-fast-charger/655434085180
Mobiles,"U7 USB Type-C to Type-C Charging Cable, Fast Charge & Data Sync, Fast Charging Cable for Sam-sung, I-phone and All Compatible Devices",Rs. 249,https://www.snapdeal.com/product/u7-usb-typec-to-typec/652763053633
Mobiles,"44 Watt Flash Charger, 4A Wall Charger, Support FLASH 2.0, with 120W Flash Charge Detachable Type A to C White Cable (Compatible for VI-VO and IQOO Phones)",Rs. 468,https://www.snapdeal.com/product/44-watt-flash-charger-4a/652528266057
Mobiles,Icynics Tempered Glass Compatible For Realme Narzo N55 ( Pack of 1 ),Rs. 235,https://www.snapdeal.com/product/icynics-tempered-glass-compatible-for/680669693173
Mobiles,"Waterproof Mobile Pouch Cover for All Mobiles, Cellphone Dry Bag Compatible for iPhone, Samsung, Mi, Redmi, Oppo, VIVO, All Other Smartphones up to 6.5 inches",Rs. 187,https://www.snapdeal.com/product/waterproof-mobile-pouch-cover-for/674889047655
Mobiles,"3 in 1 Fast Charging Cable,Portable 120W Charger Cord/Wire Compatible with iOS,Type-C,Micro Phones,Car/Travel 6A Retractable Zinc Alloy",Rs. 199,https://www.snapdeal.com/product/3-in-1-fast-charging/631604229032
Mobiles,Icynics Tempered Glass Compatible For Poco M6 Plus 5G ( Pack of 1 ),Rs. 235,https://www.snapdeal.com/product/icynics-tempered-glass-compatible-for/656667481534
Mobiles,"25 Watt PD Fast Charger Supports Fast Charge with Type C to Type C Cable, Fast Charging Mobile Charger for Sam-sung & I-Phone Devices",Rs. 408,https://www.snapdeal.com/product/25-watt-pd-fast-charger/683023947234
Mobiles,BIG WINGS Shock Proof Case Compatible For Polycarbonate Apple iPhone 14 Pro Max ( Pack of 1 ),Rs. 308,https://www.snapdeal.com/product/big-wings-shock-proof-case/8070451211868999027
Mobiles,Icynics Tempered Glass Compatible For Oppo K12X 5G ( Pack of 1 ),Rs. 235,https://www.snapdeal.com/product/icynics-tempered-glass-compatible-for/633563117292
Mobiles,Elv Card Holder Mobile Holder for Smartphones ( Black ),Rs. 133,https://www.snapdeal.com/product/elv-universal-mobile-phone-stand/661153369346
Mobiles,Portronics POR-122 MODESK Universal Mobile Holder (Black),Rs. 139,https://www.snapdeal.com/product/portronics-tablet-mount-vertical-clip/652056962603
Mobiles,Shop To Shop Bluetooth Selfie Flash Light ( Black ),Rs. 263,https://www.snapdeal.com/product/shop-to-shop-bluetooth-selfie/626221346910
Mobiles,VAKIBO Plain Cases Compatible For Rubber iPhone 15 Pro Max ( Pack of 1 ),Rs. 228,https://www.snapdeal.com/product/vakibo-plain-cases-compatible-for/670683638696
Mobiles,"Elv Wall Mount Mobile Holder, Mobile Stand for All Smartphones with Strong Adhesive Strips, Compatible with iPhone, Smartphone and Mini Tablet (2 Pcs.) - White",Rs. 221,https://www.snapdeal.com/product/elv-wall-mount-mobile-holder/649717835380
Mobiles,ZmiZc Bluetooth Selfie Stick ( Black ),Rs. 446,https://www.snapdeal.com/product/zmizc-bluetooth-selfie-stick-black-/683226547371
Mobiles,"U7 25Watt PD Fast Charger Supports Fast Charge with Type C to Type C Cable, Fast Charging Mobile Charger for Sam-sung & I-Phone Devices",Rs. 388,https://www.snapdeal.com/product/u7-25watt-super-fast-charger/666619010645
Mobiles,Icynics Tempered Glass Compatible For Apple iPhone 16 pro max ( Pack of 1 ),Rs. 235,https://www.snapdeal.com/product/icynics-tempered-glass-compatible-for/632447292189
Mobiles,"Portronics Modesk 200:Foldable Universal Mobile Stand ,White (POR 1203)",Rs. 139,https://www.snapdeal.com/product/portronics-modesk-200-universal-mobile/632360523100
Mobiles,Icynics Tempered Glass Compatible For Oppo F27 5G ( Pack of 1 ),Rs. 235,https://www.snapdeal.com/product/icynics-tempered-glass-compatible-for/669641355677
Mobiles,"Lapster Rapidzz Type-C to Lightning 1M Cable, 22.5W Fast Charging, 480Mbps Data Sync Cable Compatible with iPhone, iPad, Macbook, iMac- zebra",Rs. 164,https://www.snapdeal.com/product/lapster-rapidzz-typec-to-lightning/627864795047
Mobiles,BEING STYLISH Plain Cases Compatible For Silicon Apple iPhone 11 ( Pack of 1 ),Rs. 177,https://www.snapdeal.com/product/being-stylish-plain-cases-compatible/630314047053
Mobiles,BIG WINGS Shock Proof Case Compatible For Silicon Apple iPhone 13 Pro ( Pack of 1 ),Rs. 288,https://www.snapdeal.com/product/big-wings-shock-proof-case/8070451218748863857
Mobiles,Elv Card Holder Mobile Holder for Smartphones and Tablets ( Black ),Rs. 192,https://www.snapdeal.com/product/elv-card-holder-mobile-holder/620724028990
Mobiles,Portronics POR 1152 Modesk 101 Wall Hanging Mobile Holder,Rs. 117,https://www.snapdeal.com/product/portronics-por-1152-modesk-101/619267041292
Mobiles,BIG WINGS Shock Proof Case Compatible For Polycarbonate Apple iPhone 13 ( Pack of 1 ),Rs. 249,https://www.snapdeal.com/product/big-wings-shock-proof-case/5764608145895699794
Mobiles,"U7 USB Type-C to Type-C Charging Cable, Fast Charge & Data Sync, Fast Charging Cable for Sam-sung & I-phone Devices, Android & Others",Rs. 259,https://www.snapdeal.com/product/u7-usb-typec-to-typec/643509952276
Mobiles,BIG WINGS Shock Proof Case Compatible For Polycarbonate Apple iPhone 12 Mini ( Pack of 1 ),Rs. 288,https://www.snapdeal.com/product/big-wings-shock-proof-case/5764608175463744676
Mobiles,Shop To Shop Bluetooth Selfie Flash Light ( Black ),Rs. 263,https://www.snapdeal.com/product/shop-to-shop-bluetooth-selfie/649431185543
Mobiles,"Plugtech Lightning to USB Cable - 1m Braided, Fast 3A Charge & Sync for iPhone 13, iPad Pro, iPod &",Rs. 194,https://www.snapdeal.com/product/plugtech-grey-3a-lightning-cable/634279686767
Mobiles,"3 in 1 Fast Charging Cable,Portable 120W Charger Cord/Wire Compatible with iOS,Type-C,Micro Phones,Car/Travel 6A Retractable Zinc Alloy",Rs. 207,https://www.snapdeal.com/product/3-in-1-fast-charging/649224263545
Mobiles,4-in-1 USB C Cable 65W [Fast Charging & Data Sync] Flat Braided Anti-Tangle iPhone Charger Cord with Multi Charging Cable Combo Type,Rs. 216,https://www.snapdeal.com/product/4in1-usb-c-cable-65w/618883175404
Mobiles,Icynics Tempered Glass Compatible For Realme C65 5G ( Pack of 1 ),Rs. 235,https://www.snapdeal.com/product/icynics-tempered-glass-compatible-for/634039221544
Mobiles,"Tantra Dual USB 2.1Amp Mobile Car Charger for All Smartphones, Tablets, Kindle, Digital Camera (White and Grey)",Rs. 222,https://www.snapdeal.com/product/tantra-white-car-mobile-charger/682887679130
Mobiles,"THRIFTKART - 2PC Mobile Phone Charging Stand Assorted color, Multi-Functional Storage Holder, Bedside Fixed Rack, Bedroom & Office Accessories (2PC)",Rs. 164,https://www.snapdeal.com/product/thriftkart-mobile-phone-charging-stand/638959068584
Mobiles,"4in1 Super Fast Charging DATA Cable with Led , USB to Type C data Cable, Type C to C , C to C Data Cable , USB A to Lightning data cable for iPhone data Cable , C to C Data Cable (Up to 60 Watt Fast Charging Data Cable)",Rs. 225,https://www.snapdeal.com/product/4in1-super-fast-charging-data/633110127949
Mobiles,VAKIBO Plain Cases Compatible For Rubber Apple Iphone 11 Pro Max ( Pack of 1 ),Rs. 228,https://www.snapdeal.com/product/vakibo-plain-cases-compatible-for/685088191421
Mobiles,ZmiZc Bluetooth Selfie Stick ( Black ),Rs. 446,https://www.snapdeal.com/product/zmizc-bluetooth-selfie-stick-black-/637918478434
Mobiles,"USB C Cable, 240W 4 in 1 Multi Charging Cable USB Charger Cable with Breathing Light, Combo L Port/Type C/USB A Fast Charging Cord for iPhone Pro Max Laptop Samsung Device Charging, 4FT",Rs. 388,https://www.snapdeal.com/product/usb-c-cable-240w-4/641743819765
Mobiles,"High-Speed USB to Type-C Charging Cable with Fast Data Transfer, Durable Braided Design, 1.2M Length, Compatible with Android Phones, Tablets, Power Banks, and All Type-C Supported Devices.",Rs. 154,https://www.snapdeal.com/product/highspeed-usb-to-typec-charging/624238898559
Mobiles,"U7 25 Watt PD Charger, Supports Fast Charge for Samsung & I-Phone Devices with Type C to C Type Cable, Fast Charging Mobile Charger",Rs. 398,https://www.snapdeal.com/product/u7-25-watt-super-fast/654274496927
Mobiles,BIG WINGS Shock Proof Case Compatible For Polycarbonate Apple iPhone 14 Pro Max ( Pack of 1 ),Rs. 308,https://www.snapdeal.com/product/big-wings-shock-proof-case/5188147450351881587
Mobiles,"Plugtech USB to Lightning Braided Cable - Fast 3A Charging, Durable 1m Cord for iPhone, iPad, iPod, Apple Devices",Rs. 194,https://www.snapdeal.com/product/plugtech-grey-3a-lightning-cable/671791003666
Mobiles,Elv Remote Holder Mobile Holder for Smartphones and Tablets ( Black ),Rs. 221,https://www.snapdeal.com/product/elv-remote-holder-mobile-holder/624007035671
Mobiles,Ajanta Rajput 4123 24K Gold Plating Mobile Sticker(free one sticker),Rs. 109,https://www.snapdeal.com/product/ajanta-rajput-4123-24k-gold/647716023169
Mobiles,VAKIBO Plain Cases Compatible For Rubber iPhone 13 Pro ( Pack of 1 ),Rs. 228,https://www.snapdeal.com/product/vakibo-plain-cases-compatible-for/620767529659
Mobiles,Elv Foldable Mobile Holder for Smartphones and Tablets ( White ),Rs. 192,https://www.snapdeal.com/product/elv-foldable-universal-tablet-phone/6917529708231308827
Mobiles,Shop To Shop Bluetooth Selfie Flash Light ( Black ),Rs. 272,https://www.snapdeal.com/product/shop-to-shop-bluetooth-selfie/646259000214
Mobiles,VAKIBO Plain Cases Compatible For Rubber iPhone 16 Pro Max ( Pack of 1 ),Rs. 228,https://www.snapdeal.com/product/vakibo-plain-cases-compatible-for/670391115079
Mobiles,THRIFTKART - 2PC Rain cover for mobiles waterproof mobile cover for photography | underwater pouch for phone (ASSORTED COLOR),Rs. 208,https://www.snapdeal.com/product/thriftkart-2pc-rain-cover-for/668085233475
Mobiles,Icynics Tempered Glass Compatible For Redmi 12 5G ( Pack of 1 ),Rs. 235,https://www.snapdeal.com/product/icynics-tempered-glass-compatible-for/650017935200
Mobiles,Icynics Tempered Glass Compatible For Google Pixel 8 ( Pack of 1 ),Rs. 235,https://www.snapdeal.com/product/icynics-tempered-glass-compatible-for/622537795266
Mobiles,HUG PUPPY Bluetooth Selfie Flash Light ( Black ),Rs. 288,https://www.snapdeal.com/product/hug-puppy-bluetooth-selfie-flash/662093790374
Mobiles,"High-Speed USB to Type-C Charging Cable with Fast Data Transfer, Durable Braided Design, 1.2M Length, Compatible with Android Phones, Tablets, Power Banks, and All Type-C Supported Devices.",Rs. 154,https://www.snapdeal.com/product/highspeed-usb-to-typec-charging/646298022148
Mobiles,Portronics Adjustable Mobile Holder for Smartphones ( Black ),Rs. 261,https://www.snapdeal.com/product/portronics-adjustable-mobile-holder-for/649030412451
Mobiles,Icynics Tempered Glass Compatible For vivo Y28 5G ( Pack of 1 ),Rs. 235,https://www.snapdeal.com/product/icynics-tempered-glass-compatible-for/674009657033
Mobiles,Elv Foldable Mobile Holder for Smartphones and Tablets ( Black ),Rs. 181,https://www.snapdeal.com/product/elv-foldable-mobile-holder-for/669549199958
Mobiles,Icynics Tempered Glass Compatible For Vivo V21e 5G ( Pack of 1 ),Rs. 235,https://www.snapdeal.com/product/icynics-tempered-glass-compatible-for/643617785474
Mobiles,Hybite Mobile Phone PVC Waterproof Sealed Rain Protection Pouch Cover for 7 inches (Transparent) Pack of 2,Rs. 177,https://www.snapdeal.com/product/hybite-mobile-phone-pvc-waterproof/676535470434
Mobiles,VAKIBO Plain Cases Compatible For Rubber iPhone 14 Pro ( Pack of 1 ),Rs. 228,https://www.snapdeal.com/product/vakibo-plain-cases-compatible-for/674357735737
Mobiles,"Plugtech 1m USB to Lightning Cable - Braided, 3A Fast Charging Cord for iPhone 14, iPad Air, iPod & More Apple Devices",Rs. 194,https://www.snapdeal.com/product/plugtech-grey-3a-lightning-cable/641681607425
Mobiles,AJANTA HANUMANJI 4009 24K GOLD PLATING METAL MOBILE STICKER(Free one sticker),Rs. 113,https://www.snapdeal.com/product/ajanta-hanumanji-4009-24k-gold/679254758523
Mobiles,Shop To Shop Bluetooth Selfie Flash Light ( Black ),Rs. 263,https://www.snapdeal.com/product/shop-to-shop-bluetooth-selfie/655417889570
Mobiles,ELV Mobile Stand Holder With Convenient Charging for Tablet and Smartphones,Rs. 181,https://www.snapdeal.com/product/elv-none-mobile-holder-for/670927699436
Mobiles,"High-Speed 65W PD 27W Max Fast Charging USB to Lightning Cable ? 1.2 Meter Braided Nylon iPhones Charging Cable with Metal Connectors, Fast Data Sync & Quick Charge Support for iOS Devices",Rs. 207,https://www.snapdeal.com/product/highspeed-65w-pd-27w-max/671236122912
Mobiles,BIG WINGS Shock Proof Case Compatible For Polycarbonate Apple iPhone 13 ( Pack of 1 ),Rs. 388,https://www.snapdeal.com/product/big-wings-shock-proof-case/7493990403667815719
Mobiles,VAKIBO Plain Cases Compatible For Rubber Apple iPhone 11 Pro ( Pack of 1 ),Rs. 228,https://www.snapdeal.com/product/vakibo-plain-cases-compatible-for/624297029170
Mobiles,THRIFTKART Adjustable Mobile Holder for Smartphones and Tablets ( Multicolor ),Rs. 228,https://www.snapdeal.com/product/thriftkart-adjustable-mobile-holder-for/650617115528
Mobiles,Elv Foldable Mobile Holder for Smartphones and Tablets ( Black ),Rs. 358,https://www.snapdeal.com/product/elv-foldable-mobile-holder-for/681146259443
Mobiles,BIG WINGS Shock Proof Case Compatible For Silicon Apple iPhone 11 ( Pack of 1 ),Rs. 187,https://www.snapdeal.com/product/big-wings-shock-proof-case/6917529702401456707
Mobiles,ZmiZc Bluetooth Selfie Stick ( Black ),Rs. 446,https://www.snapdeal.com/product/zmizc-bluetooth-selfie-stick-black-/672860620290
Mobiles,"High-Speed USB to Type-C Charging Cable with Fast Data Transfer, Durable Braided Design, 1.2M Length, Compatible with Android Phones, Tablets, Power Banks, and All Type-C Supported Devices.",Rs. 154,https://www.snapdeal.com/product/highspeed-usb-to-typec-charging/665247221684
Mobiles,Portronics None Mobile Gift Hampers for Smartphones and Tablets ( Blue ),Rs. 149,https://www.snapdeal.com/product/portronics-none-mobile-gift-hampers/6917529658285233970
Mobiles,Icynics Tempered Glass Compatible For Apple iPhone 14 Pro Max ( Pack of 1 ),Rs. 235,https://www.snapdeal.com/product/icynics-tempered-glass-compatible-for/684129541021
Mobiles,"Elv Wall Mount Mobile Holder, Mobile Stand for All Smartphones with Strong Adhesive Strips, Compatible with iPhone, Smartphone and Mini Tablet (2 Pcs.) - Black",Rs. 211,https://www.snapdeal.com/product/elv-wall-mount-mobile-holder/640079107419
Mobiles,Icynics Tempered Glass Compatible For Realme P1 5G ( Pack of 1 ),Rs. 235,https://www.snapdeal.com/product/icynics-tempered-glass-compatible-for/659675818544
Mobiles,Elv Adjustable Mobile Stand for Smartphones and Tablets ( Black ),Rs. 280,https://www.snapdeal.com/product/elv-adjustable-mobile-stand-for/624424266181
Mobiles,Icynics Tempered Glass Compatible For Realme 10 Pro 5G ( Pack of 1 ),Rs. 235,https://www.snapdeal.com/product/icynics-tempered-glass-compatible-for/623904698738
Mobiles,Icynics Tempered Glass Compatible For POCO C51 ( Pack of 1 ),Rs. 235,https://www.snapdeal.com/product/icynics-tempered-glass-compatible-for/639781615812
Mobiles,Icynics Tempered Glass Compatible For Redmi Note 14 5G ( Pack of 1 ),Rs. 235,https://www.snapdeal.com/product/icynics-tempered-glass-compatible-for/638489754627
Mobiles,THRIFTKART - Adjustable Cable Protector for Smartphones and Tablets ( Multicolor ),Rs. 153,https://www.snapdeal.com/product/thriftkart-adjustable-cable-protector-for/638646531208
Mobiles,Elv Foldable Mobile Holder for Smartphones and Tablets ( White ),Rs. 123,https://www.snapdeal.com/product/elv-foldable-mobile-holder-for/647890877768
Mobiles,ZEB Aux Wire Selfie Stick ( Multicolor ),Rs. 237,https://www.snapdeal.com/product/zeb-aux-wire-selfie-stick/645742838819
Mobiles,ZmiZc Bluetooth Selfie Stick ( Black ),Rs. 353,https://www.snapdeal.com/product/zmizc-bluetooth-selfie-stick-black-/684921444814
Mobiles,Super Ajanta Shivaji Maharaj 4064 24K Gold Plating Mobile Sticker,Rs. 109,https://www.snapdeal.com/product/super-ajanta-shivaji-maharaj-4064/651794062193
Mobiles,BIG WINGS Shock Proof Case Compatible For Silicon Apple iPhone 15 ( Pack of 1 ),Rs. 338,https://www.snapdeal.com/product/big-wings-shock-proof-case/5764608195671402960
Mobiles,Icynics Tempered Glass Compatible For Samsung Galaxy F34 5G ( Pack of 1 ),Rs. 235,https://www.snapdeal.com/product/icynics-tempered-glass-compatible-for/654611336186
Mobiles,Lapster Not Applicable Selfie Ring Light ( Black ),Rs. 527,https://www.snapdeal.com/product/lapster-not-applicable-selfie-ring/625728178575
Mobiles,Elv Card Holder Mobile Holder for Smartphones and Tablets ( Black ),Rs. 172,https://www.snapdeal.com/product/elv-card-holder-mobile-holder/669525450413
Mobiles,ZmiZc Bluetooth Selfie Stick ( Black ),Rs. 353,https://www.snapdeal.com/product/zmizc-bluetooth-selfie-stick-black-/649832236612
Mobiles,Icynics Tempered Glass Compatible For Xiaomi 14 ( Pack of 1 ),Rs. 235,https://www.snapdeal.com/product/icynics-tempered-glass-compatible-for/639799612199
Mobiles,Case Need Plain Cases Compatible For Magnetic Cover Case iPhone 17 Pro ( Pack of 1 ),Rs. 156,https://www.snapdeal.com/product/case-need-plain-cases-compatible/668154858760
Mobiles,BIG WINGS Shock Proof Case Compatible For Polycarbonate Apple iPhone 14 Pro ( Pack of 1 ),Rs. 388,https://www.snapdeal.com/product/big-wings-shock-proof-case/6341068927891292732
Mobiles,Shop To Shop Bluetooth Selfie Flash Light ( Black ),Rs. 263,https://www.snapdeal.com/product/shop-to-shop-bluetooth-selfie/628209239774
Mobiles,"Lapster Black Desktop Foldable Mobile and Tablet Holder, Designed with ABS Material, Offers Multiple Viewing Angles and Features Anti-Slip Strips for Added Stability-Black.",Rs. 183,https://www.snapdeal.com/product/lapster-black-desktop-foldable-mobile/640517979062
Mobiles,Icynics Tempered Glass Compatible For Apple iPhone 16 pro ( Pack of 1 ),Rs. 235,https://www.snapdeal.com/product/icynics-tempered-glass-compatible-for/679638793794
Mobiles,Elv Foldable Mobile Holder for Smartphones and Tablets ( Silver ),Rs. 378,https://www.snapdeal.com/product/elv-foldable-mobile-holder-for/624656844121
Mobiles,BIG WINGS Shock Proof Case Compatible For Polycarbonate Apple iPhone 12 ( Pack of 1 ),Rs. 349,https://www.snapdeal.com/product/big-wings-shock-proof-case/6917529651190808953
Mobiles,ZmiZc Bluetooth Selfie Stick ( Black ),Rs. 353,https://www.snapdeal.com/product/zmizc-bluetooth-selfie-stick-black-/657765640381
Mobiles,Portronics Adjustable Mobile Stand for Smartphones ( Black ),Rs. 400,https://www.snapdeal.com/product/portronics-adjustable-mobile-stand-for/5188147428069094947
Mobiles,Icynics Tempered Glass Compatible For POCO C65 ( Pack of 1 ),Rs. 235,https://www.snapdeal.com/product/icynics-tempered-glass-compatible-for/625633951480
Mobiles,HUG PUPPY Bluetooth Selfie Flash Light ( Black ),Rs. 288,https://www.snapdeal.com/product/hug-puppy-bluetooth-selfie-flash/625739178000
Mobiles,Icynics Tempered Glass Compatible For OPPO A78 5G ( Pack of 1 ),Rs. 189,https://www.snapdeal.com/product/icynics-tempered-glass-compatible-for/681025820940
Mobiles,Icynics Tempered Glass Compatible For Realme 12 Plus 5G ( Pack of 1 ),Rs. 235,https://www.snapdeal.com/product/icynics-tempered-glass-compatible-for/641201132234
Mobiles,BIG WINGS Plain Cases Compatible For Polycarbonate Apple iPhone 13 ( Pack of 1 ),Rs. 388,https://www.snapdeal.com/product/big-wings-plain-cases-compatible/6341068952039345900
Mobiles,Icynics Tempered Glass Compatible For OPPO A16E ( Pack of 1 ),Rs. 235,https://www.snapdeal.com/product/icynics-tempered-glass-compatible-for/658468279005
Mobiles,ZmiZc Bluetooth Selfie Stick ( Black ),Rs. 353,https://www.snapdeal.com/product/zmizc-bluetooth-selfie-stick-black-/642552931791
Mobiles,Elv Adjustable Mobile Holder for Smartphones and Tablets ( Black ),Rs. 378,https://www.snapdeal.com/product/elv-aluminum-adjustable-mobile-phone/5764608141950029910
Mobiles,"Portronics Modesk Flex:Dual Folding Mobile Holding Stand with Adjustable Angle & Height ,Black (POR 1603)",Rs. 287,https://www.snapdeal.com/product/modesk-flex/635292834629
Mobiles,Shop To Shop Bluetooth Selfie Flash Light ( Black ),Rs. 263,https://www.snapdeal.com/product/shop-to-shop-bluetooth-selfie/656200484943
Mens Clothing,Brandline Multi Cotton Men's Unstitched Shirts & Trousers ( Pack of 1 ),Rs. 582,https://www.snapdeal.com/product/brandline-multi-cotton-mens-unstitched/620251350244#bcrumbSearch:mens%20clothing
Mens Clothing,TAZO Nylon Men's Casual Jacket - Grey ( Pack of 1 ),Rs. 424,https://www.snapdeal.com/product/tazo-nylon-mens-casual-jacket/8070451169561502837#bcrumbSearch:mens%20clothing
Mens Clothing,Montrez Cotton Blend Men's Casual Jacket - White ( Pack of 1 ),Rs. 557,https://www.snapdeal.com/product/montrez-cotton-blend-mens-casual/668693384876#bcrumbSearch:mens%20clothing
Mens Clothing,TAZO Nylon Men's Windcheater Jacket - Blue ( Pack of 1 ),Rs. 462,https://www.snapdeal.com/product/tazo-nylon-mens-windcheater-jacket/6917529664191551592#bcrumbSearch:mens%20clothing
Mens Clothing,Christy World Polyester Men's Casual Jacket - Black ( Pack of 1 ),Rs. 570,https://www.snapdeal.com/product/christy-world-polyester-mens-casual/5764608175654791178#bcrumbSearch:mens%20clothing
Mens Clothing,Mashaykh Polyester Men's Windcheater Jacket - White ( Pack of 1 ),Rs. 682,https://www.snapdeal.com/product/mashaykh-polyester-mens-windcheater-jacket/5764608204632704293#bcrumbSearch:mens%20clothing
Mens Clothing,TAZO Nylon Men's Casual Jacket - Grey ( Pack of 1 ),Rs. 424,https://www.snapdeal.com/product/tazo-nylon-mens-casual-jacket/8070451182397044400#bcrumbSearch:mens%20clothing
Mens Clothing,Montrez Cotton Blend Men's Casual Jacket - Olive ( Pack of 1 ),Rs. 557,https://www.snapdeal.com/product/montrez-cotton-blend-mens-casual/662827589922#bcrumbSearch:mens%20clothing
Mens Clothing,AZF Nylon Men's Windcheater Jacket - Navy ( Pack of 1 ),Rs. 457,https://www.snapdeal.com/product/azf-nylon-mens-windcheater-jacket/637921729253#bcrumbSearch:mens%20clothing
Mens Clothing,eddicted Polyester Men's Puffer Jacket - Navy Blue ( Pack of 1 ),Rs. 617,https://www.snapdeal.com/product/eddicted-polyester-mens-puffer-jacket/676274661463#bcrumbSearch:mens%20clothing
Mens Clothing,Camey Polyester Men's Casual Jacket - Green ( Pack of 1 ),Rs. 678,https://www.snapdeal.com/product/camey-polyester-mens-casual-jacket/5764608153622009642#bcrumbSearch:mens%20clothing
Mens Clothing,Reya Cotton Blend Men's Casual Jacket - Black ( Pack of 1 ),Rs. 429,https://www.snapdeal.com/product/reya-cotton-blend-mens-casual/8070451192106434511#bcrumbSearch:mens%20clothing
Mens Clothing,Forbro Nylon Men's Windcheater Jacket - Black ( Pack of 1 ),Rs. 598,https://www.snapdeal.com/product/forbro-black-nylon-regular-fit/673798840716#bcrumbSearch:mens%20clothing
Mens Clothing,FTX Denim Men's Denim Jacket - Light Blue ( Pack of 1 ),Rs. 557,https://www.snapdeal.com/product/ftx-denim-mens-denim-jacket/8070451178925053520#bcrumbSearch:mens%20clothing
Mens Clothing,Mashaykh Polyester Men's Windcheater Jacket - Black ( Pack of 1 ),Rs. 657,https://www.snapdeal.com/product/mashaykh-polyester-mens-windcheater-jacket/8070451213846398245#bcrumbSearch:mens%20clothing
Mens Clothing,eddicted Polyester Men's Puffer Jacket - Blue ( Pack of 1 ),Rs. 582,https://www.snapdeal.com/product/eddicted-polyester-mens-puffer-jacket/670491913382#bcrumbSearch:mens%20clothing
Mens Clothing,yellow tree Polyester Men's Casual Jacket - White ( Pack of 1 ),Rs. 704,https://www.snapdeal.com/product/yellow-tree-polyester-mens-casual/619131057452#bcrumbSearch:mens%20clothing
Mens Clothing,eddicted Nylon Men's Biker Jacket - Grey ( Pack of 1 ),Rs. 617,https://www.snapdeal.com/product/eddicted-nylon-mens-biker-jacket/8070451167117171677#bcrumbSearch:mens%20clothing
Mens Clothing,Forbro Nylon Men's Windcheater Jacket - Maroon ( Pack of 1 ),Rs. 598,https://www.snapdeal.com/product/forbro-maroon-nylon-regular-fit/633471333074#bcrumbSearch:mens%20clothing
Mens Clothing,NUEVOSPORTA Denim Men's Denim Jacket - Blue ( Pack of 1 ),Rs. 622,https://www.snapdeal.com/product/nuevosporta-blue-denim-regular-fit/6917529704347503148#bcrumbSearch:mens%20clothing
Mens Clothing,TAZO Nylon Men's Windcheater Jacket - Blue ( Pack of 1 ),Rs. 462,https://www.snapdeal.com/product/tazo-nylon-mens-windcheater-jacket/6917529664191551592
Mens Clothing,Montrez Cotton Blend Men's Casual Jacket - White ( Pack of 1 ),Rs. 557,https://www.snapdeal.com/product/montrez-cotton-blend-mens-casual/668693384876
Mens Clothing,Christy World Polyester Men's Casual Jacket - Black ( Pack of 1 ),Rs. 570,https://www.snapdeal.com/product/christy-world-polyester-mens-casual/5764608175654791178
Mens Clothing,Mashaykh Polyester Men's Windcheater Jacket - White ( Pack of 1 ),Rs. 682,https://www.snapdeal.com/product/mashaykh-polyester-mens-windcheater-jacket/5764608204632704293
Mens Clothing,TAZO Nylon Men's Casual Jacket - Grey ( Pack of 1 ),Rs. 424,https://www.snapdeal.com/product/tazo-nylon-mens-casual-jacket/8070451182397044400
Mens Clothing,Montrez Cotton Blend Men's Casual Jacket - Olive ( Pack of 1 ),Rs. 557,https://www.snapdeal.com/product/montrez-cotton-blend-mens-casual/662827589922
Mens Clothing,eddicted Polyester Men's Puffer Jacket - Navy Blue ( Pack of 1 ),Rs. 617,https://www.snapdeal.com/product/eddicted-polyester-mens-puffer-jacket/676274661463
Mens Clothing,Reya Cotton Blend Men's Casual Jacket - Black ( Pack of 1 ),Rs. 429,https://www.snapdeal.com/product/reya-cotton-blend-mens-casual/8070451192106434511
Mens Clothing,Forbro Nylon Men's Windcheater Jacket - Black ( Pack of 1 ),Rs. 598,https://www.snapdeal.com/product/forbro-black-nylon-regular-fit/673798840716
Mens Clothing,Camey Polyester Men's Casual Jacket - Green ( Pack of 1 ),Rs. 678,https://www.snapdeal.com/product/camey-polyester-mens-casual-jacket/5764608153622009642
Mens Clothing,FTX Denim Men's Denim Jacket - Light Blue ( Pack of 1 ),Rs. 557,https://www.snapdeal.com/product/ftx-denim-mens-denim-jacket/8070451178925053520
Mens Clothing,Mashaykh Polyester Men's Windcheater Jacket - Black ( Pack of 1 ),Rs. 657,https://www.snapdeal.com/product/mashaykh-polyester-mens-windcheater-jacket/8070451213846398245
Mens Clothing,eddicted Polyester Men's Puffer Jacket - Blue ( Pack of 1 ),Rs. 582,https://www.snapdeal.com/product/eddicted-polyester-mens-puffer-jacket/670491913382
Mens Clothing,yellow tree Polyester Men's Casual Jacket - White ( Pack of 1 ),Rs. 704,https://www.snapdeal.com/product/yellow-tree-polyester-mens-casual/619131057452
Mens Clothing,eddicted Nylon Men's Biker Jacket - Grey ( Pack of 1 ),Rs. 617,https://www.snapdeal.com/product/eddicted-nylon-mens-biker-jacket/8070451167117171677
Mens Clothing,yellow tree Polyester Men's Casual Jacket - Black ( Pack of 1 ),Rs. 685,https://www.snapdeal.com/product/yellow-tree-polyester-mens-casual/620245248238
Mens Clothing,AZF Nylon Men's Windcheater Jacket - Dark Grey ( Pack of 1 ),Rs. 457,https://www.snapdeal.com/product/azf-nylon-mens-windcheater-jacket/673587543271
Mens Clothing,Rigo Fleece Men's Casual Jacket - Grey ( Pack of 1 ),Rs. 612,https://www.snapdeal.com/product/rigo-grey-fleece-regular-fit/635287224297
Mens Clothing,Reya Cotton Blend Men's Casual Jacket - Maroon ( Pack of 1 ),Rs. 429,https://www.snapdeal.com/product/reya-cotton-blend-mens-casual/5764608182892740559
Mens Clothing,eddicted Nylon Men's Puffer Jacket - Maroon ( Pack of 1 ),Rs. 617,https://www.snapdeal.com/product/eddicted-nylon-mens-puffer-jacket/5764608151871013280
Mens Clothing,Mashaykh Polyester Men's Windcheater Jacket - Multicolor 1 ( Pack of 1 ),Rs. 682,https://www.snapdeal.com/product/mashaykh-polyester-mens-windcheater-jacket/6917529709239551269
Mens Clothing,AZF Nylon Men's Windcheater Jacket - Olive ( Pack of 1 ),Rs. 457,https://www.snapdeal.com/product/azf-nylon-mens-windcheater-jacket/619113531468
Mens Clothing,FTX Polyester Men's Casual Jacket - Black ( Pack of 1 ),Rs. 457,https://www.snapdeal.com/product/ftx-polyester-mens-casual-jacket/8070451180520001192
Mens Clothing,AZF Nylon Men's Casual Jacket - Wine ( Pack of 1 ),Rs. 457,https://www.snapdeal.com/product/azf-nylon-mens-casual-jacket/648254111494
Mens Clothing,eddicted Polyester Men's Windcheater Jacket - Black ( Pack of 1 ),Rs. 617,https://www.snapdeal.com/product/eddicted-polyester-mens-windcheater-jacket/6917529663205057954
Mens Clothing,yellow tree Polyester Men's Casual Jacket - Multicolor ( Pack of 1 ),Rs. 722,https://www.snapdeal.com/product/yellow-tree-polyester-mens-casual/642582862912
Mens Clothing,eddicted Polyester Men's Windcheater Jacket - Maroon ( Pack of 1 ),Rs. 617,https://www.snapdeal.com/product/eddicted-polyester-mens-windcheater-jacket/683338971803
Mens Clothing,Christy World Nylon Men's Windcheater Jacket - Black ( Pack of 1 ),Rs. 617,https://www.snapdeal.com/product/christy-world-nylon-mens-windcheater/678016233307
Mens Clothing,MAYKR Polyester Men's Windcheater Jacket - White ( Pack of 1 ),Rs. 774,https://www.snapdeal.com/product/maykr-polyester-mens-windcheater-jacket/655958514130
Mens Clothing,Reya Cotton Blend Men's Casual Jacket - Blue ( Pack of 1 ),Rs. 429,https://www.snapdeal.com/product/reya-cotton-blend-mens-casual/645496913480
Mens Clothing,eddicted Polyester Men's Windcheater Jacket - Maroon ( Pack of 1 ),Rs. 617,https://www.snapdeal.com/product/eddicted-polyester-mens-windcheater-jacket/6917529667211005945
Mens Clothing,AZF Nylon Men's Windcheater Jacket - Blue ( Pack of 1 ),Rs. 457,https://www.snapdeal.com/product/azf-nylon-mens-windcheater-jacket/679061340575
Mens Clothing,Montrez Cotton Blend Men's Casual Jacket - Yellow ( Pack of 1 ),Rs. 557,https://www.snapdeal.com/product/montrez-cotton-blend-mens-casual/638988653949
Mens Clothing,Forbro Nylon Men's Windcheater Jacket - White ( Pack of 1 ),Rs. 598,https://www.snapdeal.com/product/forbro-white-nylon-regular-fit/670948685536
Mens Clothing,Mashaykh Polyester Men's Windcheater Jacket - Multicolor 2 ( Pack of 1 ),Rs. 682,https://www.snapdeal.com/product/mashaykh-polyester-mens-windcheater-jacket/5188147452329280805
Mens Clothing,Rigo Polyester Men's Puffer Jacket - Grey ( Pack of 1 ),Rs. 690,https://www.snapdeal.com/product/rigo-polyester-mens-puffer-jacket/648260081951
Mens Clothing,Club York Polyester Men's Quilted & Bomber Jacket - White ( Pack of 1 ),Rs. 794,https://www.snapdeal.com/product/club-york-polyester-mens-quilted/5764608170193017993
Mens Clothing,freaks Polyester Men's Biker Jacket - Black ( Pack of 1 ),Rs. 512,https://www.snapdeal.com/product/freaks-polyester-mens-biker-jacket/5188147395302428296
Mens Clothing,FTX Polyester Men's Casual Jacket - Olive ( Pack of 1 ),Rs. 457,https://www.snapdeal.com/product/ftx-polyester-mens-casual-jacket/6917529675913154216
Mens Clothing,Rigo Fleece Men's Blazer - Black ( Pack of 1 ),Rs. 543,https://www.snapdeal.com/product/rigo-fleece-mens-casual-jacket/8070451153176544186
Mens Clothing,Leotude Fleece Men's Casual Jacket - Black ( Pack of 1 ),Rs. 529,https://www.snapdeal.com/product/leotude-fleece-mens-casual-jacket/683662333617
Mens Clothing,Rigo Fleece Men's Casual Jacket - Black ( Pack of 1 ),Rs. 493,https://www.snapdeal.com/product/rigo-black-fleece-regular-fit/639726129693
Mens Clothing,Leotude Fleece Men's Casual Jacket - Grey ( Pack of 1 ),Rs. 529,https://www.snapdeal.com/product/leotude-grey-fleece-regular-fit/620119227956
Mens Clothing,eddicted Polyester Men's Biker Jacket - Maroon ( Pack of 1 ),Rs. 617,https://www.snapdeal.com/product/eddicted-polyester-mens-biker-jacket/6917529668242806048
Mens Clothing,THECLASSICTOGS Polyester Men's Windcheater Jacket - Grey ( Pack of 2 ),Rs. 547,https://www.snapdeal.com/product/theclassictogs-polyester-mens-windcheater-jacket/666579891199
Mens Clothing,eddicted Polyester Men's Biker Jacket - Black ( Pack of 1 ),Rs. 617,https://www.snapdeal.com/product/eddicted-polyester-mens-biker-jacket/6917529685236298355
Mens Clothing,SCOLLER Polyester Men's Windcheater Jacket - Navy Blue ( Pack of 1 ),Rs. 517,https://www.snapdeal.com/product/scoller-polyester-mens-windcheater-jacket/5764608195165909122
Mens Clothing,eddicted Polyester Men's Windcheater Jacket - Black ( Pack of 1 ),Rs. 617,https://www.snapdeal.com/product/eddicted-polyester-mens-windcheater-jacket/5764608162604158969
Mens Clothing,SCOLLER Polyester Men's Windcheater Jacket - Olive ( Pack of 1 ),Rs. 517,https://www.snapdeal.com/product/scoller-polyester-mens-windcheater-jacket/7493990452076179586
Mens Clothing,Eyebogler Polyester Men's Casual Jacket - Cream ( Pack of 1 ),Rs. 666,https://www.snapdeal.com/product/eyebogler-polyester-mens-casual-jacket/5764608148609654795
Mens Clothing,Club York Denim Men's Denim Jacket - Grey ( Pack of 1 ),Rs. 763,https://www.snapdeal.com/product/club-york-denim-mens-denim/674583652039
Mens Clothing,Dollar Nylon Men's Casual Jacket - Charcoal ( Pack of 1 ),Rs. 750,https://www.snapdeal.com/product/dollar-nylon-mens-casual-jacket/5764608149753666506
Mens Clothing,SCOLLER Polyester Men's Windcheater Jacket - Dark Grey ( Pack of 1 ),Rs. 517,https://www.snapdeal.com/product/scoller-polyester-mens-windcheater-jacket/5188147442862485634
Mens Clothing,yellow tree Polyester Men's Casual Jacket - Multicolor ( Pack of 1 ),Rs. 610,https://www.snapdeal.com/product/yellow-tree-polyester-mens-casual/621815453191
Mens Clothing,Rigo Fleece Men's Casual Jacket - Olive ( Pack of 1 ),Rs. 482,https://www.snapdeal.com/product/rigo-fleece-mens-casual-jacket/8070451186971969923
Mens Clothing,Club York Denim Men's Denim Jacket - Blue ( Pack of 1 ),Rs. 786,https://www.snapdeal.com/product/club-york-denim-mens-denim/621957411035
Mens Clothing,Dollar Polyester Men's Windcheater Jacket - Grey Melange ( Pack of 1 ),Rs. 715,https://www.snapdeal.com/product/dollar-polyester-blend-mens-windcheater/5764608155136685665
Mens Clothing,Reya Cotton Blend Men's Casual Jacket - Blue ( Pack of 1 ),Rs. 429,https://www.snapdeal.com/product/reya-cotton-blend-mens-casual/6917529687499587535
Mens Clothing,MAYKR Polyester Men's Casual Jacket - Black ( Pack of 1 ),Rs. 738,https://www.snapdeal.com/product/maykr-polyester-mens-casual-jacket/653388421813
Mens Clothing,Dollar Nylon Men's Windcheater Jacket - Brown ( Pack of 1 ),Rs. 525,https://www.snapdeal.com/product/dollar-nylon-mens-windcheater-jacket/6917529670930446148
Mens Clothing,Eyebogler Polyester Men's Casual Jacket - Grey ( Pack of 1 ),Rs. 666,https://www.snapdeal.com/product/eyebogler-polyester-mens-casual-jacket/8070451186209267409
Mens Clothing,freaks Woollen Men's Puffer Jacket - Camel ( Pack of 1 ),Rs. 712,https://www.snapdeal.com/product/freaks-woollen-mens-puffer-jacket/8070451181219276620
Mens Clothing,Rino Fleece Men's Casual Jacket - Blue ( Pack of 1 ),Rs. 607,https://www.snapdeal.com/product/rino-fleece-mens-casual-jacket/6917529653245559555
Mens Clothing,4B Nylon Men's Windcheater Jacket - Black ( Pack of 1 ),Rs. 598,https://www.snapdeal.com/product/4b-nylon-mens-windcheater-jacket/5188147427374875190
Mens Clothing,SCOLLER Polyester Men's Windcheater Jacket - Blue ( Pack of 1 ),Rs. 545,https://www.snapdeal.com/product/scoller-polyester-mens-windcheater-jacket/6917529706068491984
Mens Clothing,Dollar Nylon Men's Windcheater Jacket - Black ( Pack of 1 ),Rs. 715,https://www.snapdeal.com/product/dollar-nylon-mens-windcheater-jacket/5188147410769923040
Mens Clothing,FTX Fleece Men's Casual Jacket - Olive ( Pack of 1 ),Rs. 507,https://www.snapdeal.com/product/ftx-fleece-mens-casual-jacket/7493990417291964868
Mens Clothing,Club York Polyester Men's Windcheater Jacket - White ( Pack of 1 ),Rs. 794,https://www.snapdeal.com/product/club-york-polyester-mens-windcheater/635834273407
Mens Clothing,yellow tree Polyester Men's Casual Jacket - Black ( Pack of 1 ),Rs. 704,https://www.snapdeal.com/product/yellow-tree-polyester-mens-casual/631180357937
Mens Clothing,TAZO Nylon Men's Casual Jacket - Grey ( Pack of 1 ),Rs. 490,https://www.snapdeal.com/product/tazo-nylon-mens-casual-jacket/5764608179757475494
Mens Clothing,fashlook Polyester Men's Biker Jacket - Maroon ( Pack of 1 ),Rs. 484,https://www.snapdeal.com/product/fashlook-polyester-mens-biker-jacket/8070451151616035791
Mens Clothing,Leotude Fleece Men's Casual Jacket - Maroon ( Pack of 1 ),Rs. 529,https://www.snapdeal.com/product/leotude-fleece-mens-casual-jacket/670153076337
Mens Clothing,Dollar Nylon Men's Windcheater Jacket - Navy ( Pack of 1 ),Rs. 715,https://www.snapdeal.com/product/dollar-nylon-mens-windcheater-jacket/8070451172287040480
Mens Clothing,FLIRTY SOUL Polyester Men's Casual Jacket - Multicolor ( Pack of 1 ),Rs. 712,https://www.snapdeal.com/product/flirty-soul-polyester-mens-casual/648303603082
Mens Clothing,4B Nylon Men's Windcheater Jacket - White ( Pack of 1 ),Rs. 598,https://www.snapdeal.com/product/4b-nylon-mens-windcheater-jacket/5764608179678298678
Mens Clothing,Leotude Cotton Men's Casual Jacket - Black ( Pack of 1 ),Rs. 529,https://www.snapdeal.com/product/leotude-black-casual-jacket/619532152418
Mens Clothing,Rino Fleece Men's Casual Jacket - White ( Pack of 1 ),Rs. 607,https://www.snapdeal.com/product/rino-fleece-mens-casual-jacket/5188147396335289091
Mens Clothing,FTX Fleece Men's Casual Jacket - Mustard ( Pack of 1 ),Rs. 507,https://www.snapdeal.com/product/ftx-fleece-mens-casual-jacket/5188147408078270916
Mens Clothing,THECLASSICTOGS Polyester Men's Windcheater Jacket - White ( Pack of 2 ),Rs. 545,https://www.snapdeal.com/product/theclassictogs-polyester-mens-windcheater-jacket/682835832822
Mens Clothing,IF-INDIAN FORT Polyester Men's Quilted & Bomber Jacket - Black ( Pack of 1 ),Rs. 658,https://www.snapdeal.com/product/ifindian-fort-polyester-mens-quilted/5764608157421197485
Mens Clothing,Rino Fleece Men's Casual Jacket - White ( Pack of 1 ),Rs. 607,https://www.snapdeal.com/product/rino-fleece-mens-casual-jacket/5188147396335289091
Mens Clothing,eddicted Polyester Men's Windcheater Jacket - Navy Blue ( Pack of 1 ),Rs. 617,https://www.snapdeal.com/product/eddicted-polyester-mens-windcheater-jacket/5188147410300735481
Mens Clothing,yellow tree Polyester Men's Casual Jacket - Red ( Pack of 1 ),Rs. 685,https://www.snapdeal.com/product/yellow-tree-polyester-mens-casual/643142001300
Mens Clothing,Dollar Polyester Blend Men's Casual Jacket - Grey ( Pack of 1 ),Rs. 715,https://www.snapdeal.com/product/dollar-polyester-blend-mens-casual/8070451205860756367
Mens Clothing,eddicted Polyester Men's Windcheater Jacket - Navy Blue ( Pack of 1 ),Rs. 617,https://www.snapdeal.com/product/eddicted-polyester-mens-windcheater-jacket/5764608191444532197
Mens Clothing,Dollar Polyester Men's Windcheater Jacket - Navy ( Pack of 1 ),Rs. 750,https://www.snapdeal.com/product/dollar-polyester-blend-mens-windcheater/6917529653268855691
Mens Clothing,TrendsTalk Nylon Men's Windcheater Jacket - Black ( Pack of 1 ),Rs. 429,https://www.snapdeal.com/product/trendstalk-nylon-mens-windcheater-jacket/5188147432038263509
Mens Clothing,IF-INDIAN FORT Polyester Men's Quilted & Bomber Jacket - Red ( Pack of 1 ),Rs. 662,https://www.snapdeal.com/product/ifindian-fort-polyester-mens-quilted/5188147405117773997
Mens Clothing,yellow tree Polyester Men's Casual Jacket - Red ( Pack of 1 ),Rs. 448,https://www.snapdeal.com/product/yellow-tree-red-polyester-mens/666922059007
Mens Clothing,Aflash Denim Men's Denim Jacket - Navy ( Pack of 1 ),Rs. 800,https://www.snapdeal.com/product/aflash-denim-mens-denim-jacket/5764608156540968271
Mens Clothing,SCOLLER Polyester Men's Windcheater Jacket - Navy Blue ( Pack of 1 ),Rs. 545,https://www.snapdeal.com/product/scoller-polyester-mens-windcheater-jacket/5764608201461645008
Mens Clothing,Club York Polyester Men's Quilted & Bomber Jacket - Maroon ( Pack of 1 ),Rs. 794,https://www.snapdeal.com/product/club-york-polyester-mens-quilted/6917529678225620950
Mens Clothing,Rino Fleece Men's Casual Jacket - Black ( Pack of 1 ),Rs. 607,https://www.snapdeal.com/product/rino-fleece-mens-casual-jacket/7493990405548983043
Mens Clothing,EPPE Fleece Men's Casual Jacket - Light Blue ( Pack of 1 ),Rs. 747,https://www.snapdeal.com/product/eppe-fleece-mens-casual-jacket/8070451155767632638
Mens Clothing,Camey Polyester Men's Casual Jacket - Red ( Pack of 1 ),Rs. 701,https://www.snapdeal.com/product/camey-polyester-mens-casual-jacket/6917529658228856618
Mens Clothing,Eyebogler Polyester Men's Windcheater Jacket - Grey ( Pack of 1 ),Rs. 344,https://www.snapdeal.com/product/eyebogler-polyester-mens-windcheater-jacket/5764608184093073845
Mens Clothing,Dollar Cotton Men's Casual Jacket - Black ( Pack of 1 ),Rs. 578,https://www.snapdeal.com/product/dollar-cotton-mens-casual-jacket/5764608162273965173
Mens Clothing,Eyebogler Polyester Men's Windcheater Jacket - Silver ( Pack of 1 ),Rs. 344,https://www.snapdeal.com/product/eyebogler-polyester-mens-windcheater-jacket/6917529688699920821
Mens Clothing,TrendsTalk Nylon Men's Windcheater Jacket - Maroon ( Pack of 1 ),Rs. 429,https://www.snapdeal.com/product/trendstalk-nylon-mens-windcheater-jacket/5764608184341686997
Mens Clothing,Rigo Fleece Men's Blazer - Beige ( Pack of 1 ),Rs. 543,https://www.snapdeal.com/product/rigo-fleece-mens-casual-jacket/6917529648569697210
Mens Clothing,Rino Fleece Men's Casual Jacket - White ( Pack of 1 ),Rs. 607,https://www.snapdeal.com/product/rino-fleece-mens-casual-jacket/5188147396335289091
Mens Clothing,yellow tree Polyester Men's Casual Jacket - White ( Pack of 1 ),Rs. 704,https://www.snapdeal.com/product/yellow-tree-polyester-mens-casual/622665668805
Mens Clothing,TAZO Nylon Men's Windcheater Jacket - Light Grey ( Pack of 1 ),Rs. 462,https://www.snapdeal.com/product/tazo-nylon-mens-windcheater-jacket/5188147407281281128
Mens Clothing,TrendsTalk Nylon Men's Windcheater Jacket - Gold ( Pack of 1 ),Rs. 429,https://www.snapdeal.com/product/trendstalk-nylon-mens-windcheater-jacket/8070451193555380949
Mens Clothing,MAYKR Polyester Men's Windcheater Jacket - White ( Pack of 1 ),Rs. 774,https://www.snapdeal.com/product/maykr-polyester-mens-windcheater-jacket/685185893348
Mens Clothing,TAZO Nylon Men's Windcheater Jacket - Maroon ( Pack of 1 ),Rs. 462,https://www.snapdeal.com/product/tazo-nylon-mens-windcheater-jacket/5764608159584704616
Mens Clothing,Dollar Nylon Men's Windcheater Jacket - Grey ( Pack of 1 ),Rs. 715,https://www.snapdeal.com/product/dollar-nylon-mens-windcheater-jacket/5764608163073346528
Mens Clothing,FTX Fleece Men's Casual Jacket - Black ( Pack of 1 ),Rs. 507,https://www.snapdeal.com/product/ftx-fleece-mens-casual-jacket/8070451169595388356
Mens Clothing,Dollar Polyester Blend Men's Casual Jacket - Brown ( Pack of 1 ),Rs. 565,https://www.snapdeal.com/product/dollar-polyester-blend-mens-casual/8646911958895635120
Mens Clothing,TrendsTalk Nylon Men's Windcheater Jacket - Olive ( Pack of 1 ),Rs. 576,https://www.snapdeal.com/product/trendstalk-nylon-mens-windcheater-jacket/6917529681961756994
Mens Clothing,Christy World Polyester Men's Casual Jacket - White ( Pack of 1 ),Rs. 535,https://www.snapdeal.com/product/christy-world-polyester-mens-casual/6917529680261638154
Mens Clothing,MAYKR Polyester Men's Windcheater Jacket - Black ( Pack of 1 ),Rs. 738,https://www.snapdeal.com/product/maykr-polyester-mens-windcheater-jacket/665846610877
Mens Clothing,eddicted Nylon Men's Biker Jacket - Black ( Pack of 1 ),Rs. 617,https://www.snapdeal.com/product/eddicted-nylon-mens-biker-jacket/5764608157903477725
Mens Clothing,Dollar Nylon Men's Casual Jacket - Black ( Pack of 1 ),Rs. 753,https://www.snapdeal.com/product/dollar-nylon-mens-casual-jacket/5764608209732615675
Mens Clothing,eddicted Polyester Men's Windcheater Jacket - Grey ( Pack of 1 ),Rs. 617,https://www.snapdeal.com/product/eddicted-polyester-mens-windcheater-jacket/5188147439141108709
Mens Clothing,yellow tree Polyester Men's Casual Jacket - White ( Pack of 1 ),Rs. 704,https://www.snapdeal.com/product/yellow-tree-polyester-mens-casual/644151696428
Mens Clothing,eddicted Polyester Men's Biker Jacket - Navy Blue ( Pack of 1 ),Rs. 617,https://www.snapdeal.com/product/eddicted-polyester-mens-biker-jacket/8070451189843145331
Mens Clothing,SCOLLER Polyester Men's Windcheater Jacket - Black ( Pack of 1 ),Rs. 517,https://www.snapdeal.com/product/scoller-polyester-mens-windcheater-jacket/8070451204379603074
Mens Clothing,Dollar Cotton Men's Casual Jacket - Navy ( Pack of 1 ),Rs. 578,https://www.snapdeal.com/product/dollar-cotton-mens-casual-jacket/6917529666880812149
Mens Clothing,Kashian Denim Men's Denim Jacket - Black ( Pack of 1 ),Rs. 507,https://www.snapdeal.com/product/kashian-denim-mens-denim-jacket/8070451158490805380
Mens Clothing,Rino Fleece Men's Casual Jacket - White ( Pack of 1 ),Rs. 607,https://www.snapdeal.com/product/rino-fleece-mens-casual-jacket/5188147396335289091
Mens Clothing,Dollar Cotton Men's Casual Jacket - Navy ( Pack of 1 ),Rs. 578,https://www.snapdeal.com/product/dollar-cotton-mens-casual-jacket/6917529666880812149
Mens Clothing,FLIRTY SOUL Polyester Men's Casual Jacket - Navy Blue ( Pack of 1 ),Rs. 457,https://www.snapdeal.com/product/flirty-soul-polyester-mens-casual/638712029914
Mens Clothing,Dollar Cotton Men's Casual Jacket - Grey ( Pack of 1 ),Rs. 621,https://www.snapdeal.com/product/dollar-cotton-mens-casual-jacket/8070451191296227328
Mens Clothing,THECLASSICTOGS Polyester Men's Windcheater Jacket - Black ( Pack of 1 ),Rs. 564,https://www.snapdeal.com/product/theclassictogs-polyester-mens-windcheater-jacket/670563228499
Mens Clothing,Dollar Polyester Men's Windcheater Jacket - Blue ( Pack of 1 ),Rs. 565,https://www.snapdeal.com/product/dollar-polyester-blend-mens-windcheater/6917529713479064564
Mens Clothing,SCOLLER Polyester Men's Windcheater Jacket - Black ( Pack of 1 ),Rs. 517,https://www.snapdeal.com/product/scoller-polyester-mens-windcheater-jacket/8070451210675338960
Mens Clothing,FTX Fleece Men's Casual Jacket - Navy ( Pack of 1 ),Rs. 507,https://www.snapdeal.com/product/ftx-fleece-mens-casual-jacket/6917529664988541380
Mens Clothing,Rino Fleece Men's Casual Jacket - Green ( Pack of 1 ),Rs. 607,https://www.snapdeal.com/product/rino-fleece-mens-casual-jacket/5764608148638712579
Mens Clothing,Tripr Cotton Blend Men's Casual Jacket - White ( Pack of 1 ),Rs. 624,https://www.snapdeal.com/product/tripr-cotton-blend-mens-casual/5764608146109955241
Mens Clothing,Dollar Cotton Men's Casual Jacket - Navy ( Pack of 1 ),Rs. 621,https://www.snapdeal.com/product/dollar-cotton-mens-casual-jacket/6917529686689380352
Mens Clothing,FLIRTY SOUL Polyester Men's Casual Jacket - MULTICOLOR ( Pack of 1 ),Rs. 617,https://www.snapdeal.com/product/flirty-soul-polyester-mens-casual/681743563080
Mens Clothing,Bene Kleed Cotton Blend Men's Casual Jacket - Black ( Pack of 1 ),Rs. 779,https://www.snapdeal.com/product/bene-kleed-cotton-blend-mens/662683582317
Mens Clothing,FTX Polyester Men's Windcheater Jacket - Black ( Pack of 1 ),Rs. 457,https://www.snapdeal.com/product/ftx-polyester-mens-windcheater-jacket/8070451153789787339
Mens Clothing,FLIRTY SOUL Polyester Men's Casual Jacket - Multicolor ( Pack of 1 ),Rs. 712,https://www.snapdeal.com/product/flirty-soul-polyester-mens-casual/636239127534
Mens Clothing,EPPE Fleece Men's Casual Jacket - Brown ( Pack of 1 ),Rs. 747,https://www.snapdeal.com/product/eppe-fleece-mens-casual-jacket/5764608146553938686
Mens Clothing,Dollar Cotton Men's Casual Jacket - Black ( Pack of 1 ),Rs. 621,https://www.snapdeal.com/product/dollar-cotton-mens-casual-jacket/5764608182082533376
Mens Clothing,MAYKR Polyester Men's Windcheater Jacket - White ( Pack of 1 ),Rs. 774,https://www.snapdeal.com/product/maykr-polyester-mens-windcheater-jacket/666342278372
Mens Clothing,FLIRTY SOUL Polyester Men's Casual Jacket - Multicolor ( Pack of 1 ),Rs. 712,https://www.snapdeal.com/product/flirty-soul-polyester-mens-casual/670730038108
Mens Clothing,Reya Cotton Blend Men's Casual Jacket - Maroon ( Pack of 1 ),Rs. 429,https://www.snapdeal.com/product/reya-cotton-blend-mens-casual/629661169198
Mens Clothing,Rino Fleece Men's Casual Jacket - White ( Pack of 1 ),Rs. 607,https://www.snapdeal.com/product/rino-fleece-mens-casual-jacket/5188147396335289091
Mens Clothing,Dollar Cotton Men's Casual Jacket - Navy ( Pack of 1 ),Rs. 578,https://www.snapdeal.com/product/dollar-cotton-mens-casual-jacket/6917529666880812149
Mens Clothing,The Dry State Denim Men's Denim Jacket - Blue ( Pack of 1 ),Rs. 607,https://www.snapdeal.com/product/the-dry-state-blue-denim/668806306157
Mens Clothing,MAYKR Polyester Men's Windcheater Jacket - White ( Pack of 1 ),Rs. 774,https://www.snapdeal.com/product/maykr-polyester-mens-windcheater-jacket/6917529658329958566
Mens Clothing,Camey Polyester Men's Casual Jacket - Beige ( Pack of 1 ),Rs. 701,https://www.snapdeal.com/product/camey-polyester-mens-casual-jacket/6917529652367314406
Mens Clothing,eddicted Polyester Men's Biker Jacket - Grey ( Pack of 1 ),Rs. 617,https://www.snapdeal.com/product/eddicted-polyester-mens-biker-jacket/5764608180629451379
Mens Clothing,eddicted Polyester Men's Biker Jacket - Navy Blue ( Pack of 1 ),Rs. 617,https://www.snapdeal.com/product/eddicted-polyester-mens-biker-jacket/5764608163635959072
Mens Clothing,Leotude Fleece Men's Casual Jacket - Mustard ( Pack of 1 ),Rs. 529,https://www.snapdeal.com/product/leotude-mustard-fleece-regular-fit/647140286334
Mens Clothing,Reya Cotton Blend Men's Casual Jacket - Black ( Pack of 1 ),Rs. 429,https://www.snapdeal.com/product/reya-cotton-blend-mens-casual/620098248858
Mens Clothing,MAYKR Polyester Men's Windcheater Jacket - Grey ( Pack of 1 ),Rs. 774,https://www.snapdeal.com/product/maykr-polyester-mens-windcheater-jacket/637915568198
Mens Clothing,4B Nylon Men's Windcheater Jacket - Maroon ( Pack of 1 ),Rs. 598,https://www.snapdeal.com/product/4b-nylon-mens-windcheater-jacket/6917529684285145654
Mens Clothing,THECLASSICTOGS Polyester Men's Windcheater Jacket - Grey ( Pack of 2 ),Rs. 545,https://www.snapdeal.com/product/theclassictogs-polyester-mens-windcheater-jacket/642487610724
Mens Clothing,Dollar Cotton Blend Men's Casual Jacket - Green ( Pack of 1 ),Rs. 614,https://www.snapdeal.com/product/dollar-cotton-blend-mens-casual/644382244694
Mens Clothing,SCOLLER Polyester Men's Windcheater Jacket - Olive ( Pack of 1 ),Rs. 517,https://www.snapdeal.com/product/scoller-polyester-mens-windcheater-jacket/7493990458371915472
Mens Clothing,Camey Polyester Men's Casual Jacket - Mustard ( Pack of 1 ),Rs. 740,https://www.snapdeal.com/product/camey-polyester-mens-casual-jacket/8070451183062764966
Mens Clothing,MAYKR Polyester Men's Windcheater Jacket - Grey ( Pack of 1 ),Rs. 774,https://www.snapdeal.com/product/maykr-polyester-mens-windcheater-jacket/653765224071
Mens Clothing,eddicted Polyester Men's Biker Jacket - Maroon ( Pack of 1 ),Rs. 617,https://www.snapdeal.com/product/eddicted-polyester-mens-biker-jacket/5188147428326027891
Mens Clothing,FTX Polyester Men's Windcheater Jacket - Olive ( Pack of 1 ),Rs. 457,https://www.snapdeal.com/product/ftx-polyester-mens-windcheater-jacket/6917529649182940363
Mens Clothing,FLIRTY SOUL Polyester Men's Casual Jacket - White ( Pack of 1 ),Rs. 457,https://www.snapdeal.com/product/flirty-soul-polyester-mens-casual/664932379794
Mens Clothing,eddicted Polyester Men's Quilted & Bomber Jacket - Maroon ( Pack of 1 ),Rs. 617,https://www.snapdeal.com/product/eddicted-polyester-mens-quilted-bomber/6917529650803010190
Mens Clothing,Rino Fleece Men's Casual Jacket - White ( Pack of 1 ),Rs. 607,https://www.snapdeal.com/product/rino-fleece-mens-casual-jacket/5188147396335289091
Mens Clothing,Dollar Cotton Men's Casual Jacket - Navy ( Pack of 1 ),Rs. 578,https://www.snapdeal.com/product/dollar-cotton-mens-casual-jacket/6917529666880812149
Mens Clothing,Leotude Fleece Men's Casual Jacket - Yellow ( Pack of 1 ),Rs. 529,https://www.snapdeal.com/product/leotude-yellow-casual-jacket/654998289597
Mens Clothing,eddicted Polyester Men's Windcheater Jacket - Grey ( Pack of 1 ),Rs. 617,https://www.snapdeal.com/product/eddicted-polyester-mens-windcheater-jacket/5764608158598210978
Mens Clothing,MAYKR Polyester Men's Windcheater Jacket - Grey ( Pack of 1 ),Rs. 774,https://www.snapdeal.com/product/maykr-polyester-mens-windcheater-jacket/653765224071
Mens Clothing,The Dry State Denim Men's Denim Jacket - Blue ( Pack of 1 ),Rs. 607,https://www.snapdeal.com/product/the-dry-state-blue-denim/648258606492
Mens Clothing,eddicted Polyester Men's Windcheater Jacket - Black ( Pack of 1 ),Rs. 617,https://www.snapdeal.com/product/eddicted-polyester-mens-windcheater-jacket/8070451200658226149
Mens Clothing,Rigo Cotton Men's Casual Jacket - Lime Green ( Pack of 1 ),Rs. 650,https://www.snapdeal.com/product/rigo-cotton-mens-casual-jacket/6917529676777441191
Mens Clothing,eddicted Polyester Men's Windcheater Jacket - Grey ( Pack of 1 ),Rs. 617,https://www.snapdeal.com/product/eddicted-polyester-mens-windcheater-jacket/8070451171817852921
Mens Clothing,Dollar Polyester Blend Men's Casual Jacket - Charcoal ( Pack of 1 ),Rs. 675,https://www.snapdeal.com/product/dollar-polyester-blend-mens-casual/5764608187660905474
Mens Clothing,MAYKR Polyester Men's Casual Jacket - Black ( Pack of 1 ),Rs. 738,https://www.snapdeal.com/product/maykr-polyester-mens-casual-jacket/670838293883
Mens Clothing,TrendsTalk Nylon Men's Windcheater Jacket - Navy ( Pack of 1 ),Rs. 429,https://www.snapdeal.com/product/trendstalk-nylon-mens-windcheater-jacket/6917529688948533973
Mens Clothing,Dollar Cotton Men's Casual Jacket - Brown ( Pack of 1 ),Rs. 565,https://www.snapdeal.com/product/dollar-cotton-mens-casual-jacket/8070451171487659125
Mens Clothing,Eyebogler Polyester Men's Casual Jacket - Navy Blue ( Pack of 1 ),Rs. 666,https://www.snapdeal.com/product/eyebogler-polyester-mens-casual-jacket/5764608176995573457
Mens Clothing,eddicted Polyester Men's Windcheater Jacket - Navy Blue ( Pack of 1 ),Rs. 617,https://www.snapdeal.com/product/eddicted-polyester-mens-windcheater-jacket/8070451167811904930
Mens Clothing,Mountain colours Polyester Men's Puffer Jacket - Black ( Pack of 1 ),Rs. 599,https://www.snapdeal.com/product/mountain-colours-polyester-mens-puffer/7493990465043181197
Mens Clothing,FTX Cotton Blend Men's Denim Jacket - Black ( Pack of 1 ),Rs. 557,https://www.snapdeal.com/product/ftx-cotton-blend-mens-denim/5764608182337883700
Mens Clothing,Reya Cotton Blend Men's Casual Jacket - Maroon ( Pack of 1 ),Rs. 429,https://www.snapdeal.com/product/reya-cotton-blend-mens-casual/633384880329
Mens Clothing,Christy World Polyester Men's Casual Jacket - Grey ( Pack of 1 ),Rs. 429,https://www.snapdeal.com/product/christy-world-polyester-mens-casual/5188147416818464222
Mens Clothing,Rigo Fleece Men's Blazer - Brown ( Pack of 1 ),Rs. 543,https://www.snapdeal.com/product/rigo-fleece-mens-casual-jacket/5764608197653725605
Mens Clothing,Rino Fleece Men's Casual Jacket - White ( Pack of 1 ),Rs. 607,https://www.snapdeal.com/product/rino-fleece-mens-casual-jacket/5188147396335289091
Mens Clothing,Dollar Cotton Men's Casual Jacket - Navy ( Pack of 1 ),Rs. 578,https://www.snapdeal.com/product/dollar-cotton-mens-casual-jacket/6917529666880812149
Mens Clothing,AM91 Polyester Men's Windcheater Jacket - Black ( Pack of 1 ),Rs. 429,https://www.snapdeal.com/product/am91-polyester-mens-windcheater-jacket/628561863593
Mens Clothing,MAYKR Polyester Men's Puffer Jacket - Black ( Pack of 1 ),Rs. 796,https://www.snapdeal.com/product/maykr-polyester-mens-puffer-jacket/646325223003
Mens Clothing,MAYKR Polyester Men's Windcheater Jacket - Grey ( Pack of 1 ),Rs. 774,https://www.snapdeal.com/product/maykr-polyester-mens-windcheater-jacket/653765224071
Mens Clothing,AM91 Polyester Men's Windcheater Jacket - Dark Grey ( Pack of 1 ),Rs. 404,https://www.snapdeal.com/product/am91-polyester-mens-windcheater-jacket/652568077254
Mens Clothing,Club York Polyester Men's Puffer Jacket - Mustard ( Pack of 1 ),Rs. 770,https://www.snapdeal.com/product/club-york-polyester-mens-puffer/5764608172252718628
Mens Clothing,Christy World Polyester Men's Casual Jacket - Navy Blue ( Pack of 1 ),Rs. 429,https://www.snapdeal.com/product/christy-world-polyester-mens-casual/5764608169121887710
Mens Clothing,TAZO Nylon Men's Casual Jacket - Olive ( Pack of 1 ),Rs. 462,https://www.snapdeal.com/product/tazo-nylon-mens-casual-jacket/643422874722
Mens Clothing,FTX Denim Men's Denim Jacket - Light Blue ( Pack of 1 ),Rs. 557,https://www.snapdeal.com/product/ftx-denim-mens-denim-jacket/5764608195427951929
Mens Clothing,hoket Polyester Men's Casual Jacket - Black ( Pack of 1 ),Rs. 391,https://www.snapdeal.com/product/hoket-polyester-mens-casual-jacket/8070451169769259322
Mens Clothing,FastColors Cotton Blend Men's Casual Jacket - Multicolor ( Pack of 1 ),Rs. 271,https://www.snapdeal.com/product/fast-colors-cotton-blend-mens/660181662069
Mens Clothing,eddicted Polyester Men's Quilted & Bomber Jacket - Grey ( Pack of 1 ),Rs. 617,https://www.snapdeal.com/product/eddicted-polyester-mens-quilted-bomber/8070451186016270020
Mens Clothing,Rigo Fleece Men's Blazer - Blue ( Pack of 1 ),Rs. 543,https://www.snapdeal.com/product/rigo-fleece-mens-casual-jacket/6917529702260572581
Mens Clothing,Christy World Polyester Men's Casual Jacket - White ( Pack of 1 ),Rs. 429,https://www.snapdeal.com/product/christy-world-polyester-mens-casual/6917529673728734686
Mens Clothing,Montrez Cotton Blend Men's Denim Jacket - Yellow ( Pack of 1 ),Rs. 557,https://www.snapdeal.com/product/montrez-cotton-blend-mens-casual/6917529692752974122
Mens Clothing,FLIRTY SOUL Polyester Men's Casual Jacket - Multicolor ( Pack of 1 ),Rs. 485,https://www.snapdeal.com/product/flirty-soul-polyester-mens-casual/649246778940
Mens Clothing,Kashian Denim Men's Denim Jacket - Olive ( Pack of 1 ),Rs. 507,https://www.snapdeal.com/product/kashian-denim-mens-denim-jacket/5764608149277111428
Mens Clothing,AZF Nylon Men's Windcheater Jacket - Light Grey ( Pack of 1 ),Rs. 457,https://www.snapdeal.com/product/azf-nylon-mens-windcheater-jacket/638286545266
Mens Clothing,FTX Polyester Men's Casual Jacket - Black ( Pack of 1 ),Rs. 657,https://www.snapdeal.com/product/ftx-polyester-mens-casual-jacket/665228869226
Mens Clothing,Rino Fleece Men's Casual Jacket - White ( Pack of 1 ),Rs. 607,https://www.snapdeal.com/product/rino-fleece-mens-casual-jacket/5188147396335289091
Mens Clothing,Dollar Cotton Men's Casual Jacket - Navy ( Pack of 1 ),Rs. 578,https://www.snapdeal.com/product/dollar-cotton-mens-casual-jacket/6917529666880812149
Mens Clothing,NUEVOSPORTA Denim Men's Denim Jacket - Light Blue ( Pack of 1 ),Rs. 740,https://www.snapdeal.com/product/nuevosporta-light-blue-denim-regular/637825056340
Mens Clothing,Eyebogler Polyester Men's Casual Jacket - Dark Grey ( Pack of 1 ),Rs. 666,https://www.snapdeal.com/product/eyebogler-polyester-mens-casual-jacket/4899917020154519563
Mens Clothing,MAYKR Polyester Men's Windcheater Jacket - Grey ( Pack of 1 ),Rs. 774,https://www.snapdeal.com/product/maykr-polyester-mens-windcheater-jacket/653765224071
Mens Clothing,eddicted Polyester Men's Quilted & Bomber Jacket - Maroon ( Pack of 1 ),Rs. 617,https://www.snapdeal.com/product/eddicted-polyester-mens-quilted-bomber/6917529681409423044
Mens Clothing,Reya Cotton Blend Men's Casual Jacket - Black ( Pack of 1 ),Rs. 429,https://www.snapdeal.com/product/reya-cotton-blend-mens-casual/679789759417
Mens Clothing,Kashian Denim Men's Denim Jacket - White ( Pack of 1 ),Rs. 507,https://www.snapdeal.com/product/kashian-denim-mens-denim-jacket/6917529653883958404
Mens Clothing,Montrez Cotton Blend Men's Casual Jacket - Maroon ( Pack of 1 ),Rs. 557,https://www.snapdeal.com/product/montrez-cotton-blend-mens-casual/624965322923
Mens Clothing,TrendsTalk Nylon Men's Windcheater Jacket - Grey ( Pack of 1 ),Rs. 576,https://www.snapdeal.com/product/trendstalk-nylon-mens-windcheater-jacket/5764608177354910018
Mens Clothing,Christy World Polyester Men's Casual Jacket - Black ( Pack of 1 ),Rs. 429,https://www.snapdeal.com/product/christy-world-polyester-mens-casual/8070451178335581662
Mens Clothing,FTX Denim Men's Denim Jacket - Navy Blue ( Pack of 1 ),Rs. 557,https://www.snapdeal.com/product/ftx-denim-mens-denim-jacket/7493990426621630032
Mens Clothing,Maniac Fleece Men's Casual Jacket - Multicolor ( Pack of 1 ),Rs. 422,https://www.snapdeal.com/product/maniac-fleece-mens-casual-jacket/680666143053
Mens Clothing,eddicted Polyester Men's Quilted & Bomber Jacket - Black ( Pack of 1 ),Rs. 617,https://www.snapdeal.com/product/eddicted-polyester-mens-quilted-bomber/5764608176802576068
Mens Clothing,FTX Denim Men's Denim Jacket - Blue ( Pack of 1 ),Rs. 757,https://www.snapdeal.com/product/ftx-denim-mens-denim-jacket/5188147417407936080
Mens Clothing,Eyebogler Polyester Men's Casual Jacket - Cream ( Pack of 1 ),Rs. 674,https://www.snapdeal.com/product/eyebogler-polyester-mens-casual-jacket/6917529713673138440
Mens Clothing,Forbro Nylon Men's Windcheater Jacket - Olive ( Pack of 1 ),Rs. 598,https://www.snapdeal.com/product/forbro-olive-nylon-regular-fit/623896843635
Mens Clothing,Eyebogler Polyester Men's Casual Jacket - Charcoal ( Pack of 1 ),Rs. 674,https://www.snapdeal.com/product/eyebogler-polyester-mens-casual-jacket/6341068961369714952
Mens Clothing,WEARSPOT Nylon Men's Casual Jacket - Multicolor 2 ( Pack of 1 ),Rs. 440,https://www.snapdeal.com/product/wearspot-nylon-mens-casual-jacket/8646911934679690401
Mens Clothing,Eyebogler Polyester Men's Casual Jacket - Charcoal ( Pack of 1 ),Rs. 674,https://www.snapdeal.com/product/eyebogler-polyester-mens-casual-jacket/5188147389284000027
